6.897,50
5.052,1
9.376,0
4.869,0
4.611,0
7.15,50
8.84,100
6.484,50
4.969,2
7.122,50
7.403,50
4.819,0
4.405,0
8.839,100
7.221,50
4.947,1
5.724,5
5.558,0
5.187,2
5.431,2
4.846,1
8.771,100
6.978,50
5.33,2
8.215,100
5.029,5
5.572,1
5.577,5
4.599,0
5.059,5
5.031,5
9.452,100
5.539,5
5.362,0
4.699,1
5.184,2
6.693,50
4.39,0
4.736,0
5.241,2
8.675,100
4.994,1
4.565,0
4.767,1
5.408,0
5.237,2
5.726,2
5.058,5
6.772,50
4.963,2
4.813,5
5.2,0
6.627,50
4.99,5
6.977,50
5.149,1
9.158,100
5.093,2
4.972,1
8.323,100
9.065,100
4.919,1
4.744,0
6.959,1
4.684,1
4.823,2
4.576,0
4.9,1
4.879,1
4.929,5
4.493,1
5.032,0
9.023,100
5.151,0
6.426,5
5.117,0
6.917,50
5.06,5
4.643,0
6.943,50
7.29,50
5.24,1
5.12,0
7.35,50
5.444,2
8.663,100
7.352,50
8.706,50
4.458,0
5.953,0
5.011,1
5.487,5
5.1,0
5.592,0
9.433,100
5.586,5
6.135,5
5.259,5
9.377,100
8.448,100
5.269,2
4.984,0
5.29,2
8.147,100
7.015,5
5.097,1
6.682,50
5.16,2
4.854,0
5.218,2
8.714,100
4.522,0
5.204,0
6.753,50
6.781,50
5.188,2
9.535,100
8.856,100
5.504,5
4.609,0
7.336,50
8.174,100
4.931,0
9.046,100
5.621,0
5.926,1
5.024,1
4.852,1
8.749,100
4.448,0
5.089,1
5.231,1
5.236,5
5.476,5
4.834,0
4.837,5
6.383,50
4.552,0
5.568,5
7.428,50
5.13,2
5.231,5
4.694,1
5.141,5
5.283,5
5.194,1
4.859,0
4.894,2
4.8,0
9.538,100
4.588,0
7.044,50
7.374,50
7.373,50
5.805,2
8.426,100
5.013,0
4.975,0
4.898,0
7.009,50
4.963,0
8.512,100
5.564,5
5.066,5
5.172,2
6.763,50
5.672,5
7.518,50
5.63,5
9.681,100
4.392,0
7.127,50
5.546,5
8.351,100
8.536,100
4.628,0
4.779,1
4.799,0
8.751,100
5.106,1
8.033,100
8.526,100
9.827,100
5.354,0
5.498,5
5.398,1
4.667,0
5.419,1
5.207,2
5.015,0
4.98,5
4.784,2
4.977,1
7.605,50
8.279,50
5.177,0
4.79,1
5.528,1
4.933,0
4.603,0
5.307,0
6.664,50
6.711,50
4.573,0
8.363,100
4.878,0
4.747,0
5.173,0
8.945,100
5.236,5
8.614,100
5.474,1
5.222,0
4.685,1
4.723,0
4.583,1
5.55,5
9.196,100
8.625,100
5.342,5
4.849,1
5.12,0
4.553,0
4.483,0
4.758,2
4.878,5
6.966,50
5.583,5
7.467,50
5.212,5
5.247,1
7.466,50
4.806,0
5.062,0
4.571,0
4.902,0
6.859,50
5.014,5
4.747,0
4.734,2
8.316,100
5.078,2
4.956,1
5.065,5
9.112,100
4.856,0
6.756,50
4.672,0
5.17,5
4.681,0
8.833,100
5.36,5
5.024,2
5.04,5
5.427,2
7.155,50
4.893,1
4.929,0
5.088,1
5.067,5
4.558,0
5.279,2
4.776,0
5.281,1
6.472,50
4.785,0
4.552,1
5.417,0
4.409,0
4.805,5
5.987,5
6.753,50
4.456,0
4.747,1
5.053,0
7.08,50
5.055,5
5.027,5
4.727,2
5.767,5
5.761,5
6.018,1
5.572,2
5.429,0
10.023,100
6.461,5
4.835,2
7.458,50
6.662,50
4.64,0
8.312,100
4.645,0
5.99,5
4.969,0
9.555,100
4.753,0
4.953,1
8.55,100
4.318,0
5.333,2
5.31,0
4.663,0
6.004,2
6.674,50
5.247,0
10.752,100
5.217,0
5.588,1
6.31,5
7.216,50
6.34,50
10.83,100
5.502,1
5.219,5
5.212,1
5.698,5
10.195,100
5.415,0
6.738,50
5.001,2
4.932,1
5.646,5
5.128,1
4.659,2
4.698,0
5.018,1
5.12,5
6.702,50
4.996,0
6.956,50
6.667,50
6.775,50
8.373,100
8.352,50
5.401,0
5.033,5
5.393,0
4.974,5
5.168,0
5.339,2
5.644,0
4.904,2
8.295,100
4.993,1
5.204,1
7.739,50
8.89,100
5.184,2
8.466,100
4.979,2
6.809,50
4.804,2
8.979,100
4.843,1
4.598,0
4.803,5
6.661,50
4.669,0
8.725,100
4.373,0
4.861,2
5.162,5
4.915,5
4.874,1
4.925,2
4.724,0
5.398,2
5.079,0
4.847,0
6.825,50
5.829,1
4.487,0
4.679,0
9.156,100
4.647,0
6.199,5
4.97,2
7.098,50
4.889,0
4.684,0
5.922,2
4.612,0
9.153,100
6.734,50
5.006,2
5.105,2
8.969,100
8.493,100
7.201,50
5.668,5
8.829,100
6.001,5
8.881,100
5.565,0
4.954,0
4.98,0
4.86,0
5.247,5
5.267,0
5.748,0
5.08,0
5.46,2
9.091,100
4.805,0
5.316,1
4.733,1
5.01,1
5.107,0
5.451,2
5.636,1
5.399,2
4.511,0
6.636,50
5.14,1
5.361,5
5.311,5
4.894,2
5.643,0
4.853,0
4.723,0
7.047,50
5.077,1
4.946,0
5.801,5
4.947,2
6.591,50
4.553,0
8.32,100
8.882,100
4.98,1
5.111,5
4.82,1
6.772,0
5.341,1
8.716,100
4.977,0
5.363,0
4.959,0
4.407,0
8.938,100
5.154,2
5.01,0
6.986,50
5.957,5
4.986,1
5.344,0
5.43,5
5.166,5
6.675,50
5.448,1
8.607,100
6.843,50
5.379,2
9.964,100
4.679,0
5.235,5
5.043,2
4.709,1
5.159,2
8.474,100
5.333,2
5.753,2
5.394,5
5.643,5
9.336,100
5.272,0
5.56,5
5.129,1
4.858,1
5.574,2
5.091,5
8.907,100
7.375,50
8.139,100
7.383,50
4.764,0
8.888,100
5.119,1
5.753,2
4.717,0
8.526,100
5.748,5
4.902,0
5.509,1
5.347,5
6.833,50
7.571,50
5.172,2
5.385,2
5.42,5
5.055,0
5.177,0
5.381,5
4.677,0
7.538,50
4.86,0
8.343,100
5.592,2
4.85,0
5.171,1
5.276,0
9.898,100
5.423,0
5.561,1
6.333,2
4.545,0
5.391,1
9.489,100
5.169,5
7.336,50
5.366,5
8.552,100
4.991,5
7.505,50
4.823,1
4.896,5
5.144,1
5.392,0
9.14,100
5.333,2
5.085,2
4.675,0
4.817,5
5.501,0
9.096,100
8.503,100
4.917,0
4.791,0
4.749,0
4.896,1
4.703,0
5.53,5
5.001,1
8.586,100
4.786,2
4.966,0
6.868,50
5.381,1
9.644,100
5.108,0
5.034,0
4.708,0
4.881,5
5.228,0
5.553,2
5.095,0
6.894,50
8.893,100
5.238,1
4.981,0
4.935,2
6.606,50
9.33,100
6.065,2
5.189,1
5.471,5
5.572,0
7.532,50
5.798,2
8.057,100
5.621,1
4.806,0
4.824,2
4.85,0
7.439,50
5.472,0
8.098,100
6.534,50
4.937,2
5.177,2
8.351,100
5.381,5
8.486,100
5.185,1
5.387,1
4.893,1
8.687,100
4.775,0
5.309,1
5.295,0
5.617,1
4.957,0
4.87,0
4.938,0
5.336,5
8.828,100
5.144,2
6.655,50
8.968,100
5.797,5
8.958,100
5.561,2
7.288,50
6.636,50
4.332,0
6.994,50
8.771,100
5.558,0
5.126,1
9.91,100
5.322,2
5.438,5
7.324,50
5.35,5
5.366,1
5.199,2
5.372,5
4.994,1
8.514,100
6.188,5
5.294,0
4.814,1
4.854,2
5.323,2
4.745,0
5.162,5
8.632,100
7.108,50
4.789,2
5.13,1
8.459,100
6.818,50
4.858,0
5.511,2
4.858,0
5.183,1
5.399,0
5.387,0
5.174,0
6.668,50
4.977,1
6.959,50
6.578,50
5.103,5
4.465,0
7.297,50
7.029,50
4.91,5
7.204,50
8.697,100
4.995,1
4.729,0
5.266,0
8.708,100
8.328,100
8.493,100
5.062,1
5.285,5
4.753,5
4.569,0
5.78,0
5.022,5
4.9,0
6.717,50
8.006,100
4.594,1
4.934,1
8.166,100
5.346,5
4.933,5
6.212,5
5.91,5
4.536,0
6.784,50
4.903,1
5.473,2
5.223,2
4.749,2
8.07,100
4.987,0
7.012,50
4.894,0
8.063,100
5.107,0
4.59,2
4.732,0
5.253,5
4.809,1
4.704,1
6.449,50
7.381,50
6.008,0
5.129,5
4.444,0
4.854,0
4.612,0
5.05,5
4.858,0
4.701,0
5.066,0
6.634,50
5.269,1
4.937,5
5.432,0
5.106,5
5.737,5
5.189,0
4.868,0
6.939,50
6.893,50
8.72,100
4.748,1
8.742,100
4.906,0
5.008,2
4.824,0
5.574,2
5.195,0
5.425,1
4.642,0
5.247,5
5.079,2
4.609,2
8.355,100
4.663,1
8.844,100
4.988,2
5.029,0
8.8,100
4.803,2
6.481,50
5.146,5
4.79,0
8.052,100
4.973,1
5.128,0
5.213,5
6.071,5
6.94,50
4.4,0
5.37,2
8.722,100
4.945,5
5.017,5
8.538,100
5.064,2
5.592,5
5.038,2
7.731,50
5.051,5
4.774,5
5.301,2
4.904,2
4.641,0
5.246,2
4.963,0
9.457,100
4.411,0
7.209,50
7.219,50
6.224,1
8.657,100
8.646,100
8.617,100
8.124,100
4.538,0
5.385,0
5.206,5
5.032,5
4.69,2
4.722,1
4.467,0
6.959,50
5.034,1
5.714,0
6.943,50
8.759,100
8.503,100
4.985,5
5.148,1
4.745,2
5.061,5
5.233,0
5.676,5
4.423,0
5.086,2
6.867,50
4.915,5
5.491,0
8.82,100
5.188,1
7.01,50
8.808,100
6.69,50
5.388,1
5.119,0
5.066,0
5.094,5
5.439,2
5.443,2
6.7,50
4.427,0
5.698,0
4.909,1
5.332,0
5.526,5
5.092,0
5.265,2
5.051,0
7.148,50
4.396,0
8.465,50
4.994,1
5.454,5
4.84,0
5.022,5
5.205,0
5.04,0
5.196,0
4.503,0
4.665,1
5.654,0
5.314,2
5.32,5
5.017,0
5.981,0
5.052,1
4.977,0
5.372,0
4.751,1
8.802,100
4.368,0
4.802,0
7.342,50
5.058,0
4.819,0
6.909,50
5.344,5
8.713,100
7.129,50
6.146,0
9.356,100
6.195,0
5.49,0
8.874,50
5.443,0
7.381,50
4.747,0
5.164,2
5.042,2
6.499,50
7.385,50
8.545,100
5.102,0
4.876,5
7.153,50
4.625,0
9.009,100
4.575,1
4.848,5
5.111,0
4.78,1
4.469,0
4.897,5
7.191,50
4.996,2
5.274,0
4.808,2
4.765,0
5.31,2
4.701,0
5.064,0
4.538,0
4.889,1
4.407,0
8.913,100
6.994,50
8.74,100
5.4,5
8.757,100
5.273,0
4.902,5
4.8,0
8.437,100
5.06,2
6.552,50
5.314,0
9.214,100
4.948,1
5.449,2
4.984,0
5.152,0
4.841,0
4.99,0
5.27,1
5.423,5
6.621,50
6.241,0
4.99,0
6.981,50
5.206,2
5.095,0
8.295,100
6.534,50
8.501,100
4.778,2
4.93,1
8.293,100
7.044,50
4.668,0
4.986,5
4.839,1
5.674,0
6.886,50
6.603,50
5.502,2
5.158,2
4.911,0
6.805,50
5.336,2
4.804,0
5.81,0
7.47,50
8.407,100
4.974,2
5.079,0
4.837,0
5.062,1
4.831,0
4.993,0
4.496,0
8.357,100
4.97,0
4.872,1
5.012,1
4.895,5
8.548,100
4.965,0
4.79,0
9.38,100
6.419,1
7.322,50
4.593,0
8.808,100
4.883,5
4.769,0
4.956,2
4.896,0
4.827,1
4.664,0
4.947,1
5.134,5
5.008,0
5.064,0
4.893,0
8.057,100
8.532,100
4.485,0
6.671,50
4.458,0
6.579,50
6.321,50
4.803,0
7.247,50
8.785,100
4.927,5
8.512,100
4.945,2
4.849,1
6.493,50
6.538,50
8.627,100
8.795,100
4.478,0
4.743,2
6.877,50
9.329,100
4.694,0
4.788,2
6.772,50
9.802,100
5.044,0
5.103,0
4.889,5
5.386,0
8.162,50
8.986,100
4.69,0
4.88,0
4.905,0
4.489,0
4.605,0
4.75,0
4.917,0
5.226,0
5.526,2
8.239,100
5.624,5
5.17,0
4.625,0
6.668,50
4.87,5
4.87,5
4.791,2
5.063,1
4.799,0
6.8,50
8.535,100
5.279,5
8.673,100
4.846,2
7.193,50
10.522,100
5.054,0
9.166,100
6.996,50
8.922,100
6.385,50
9.118,100
9.183,100
4.345,0
5.475,0
4.871,0
4.598,0
5.25,0
8.646,100
4.948,0
4.834,1
5.241,2
4.869,5
8.455,100
4.718,0
6.598,50
8.965,100
4.843,1
5.024,0
5.514,5
4.957,0
6.682,50
5.346,0
5.278,5
5.161,5
5.229,5
7.521,50
8.816,50
5.537,2
8.479,100
7.14,50
4.864,2
4.681,0
4.982,0
5.985,1
9.04,100
7.416,50
6.444,50
5.978,2
5.131,5
4.935,0
4.373,0
4.666,1
7.066,50
5.366,5
7.521,50
4.894,1
4.706,0
4.625,0
4.652,2
4.552,0
5.302,1
5.415,2
6.728,50
5.584,5
5.148,5
4.988,1
6.575,50
4.789,5
4.57,0
6.461,50
8.305,50
4.801,0
4.993,0
4.962,5
9.37,100
4.585,0
4.77,2
4.69,0
8.854,100
5.616,5
8.807,100
6.444,50
4.918,0
5.078,5
5.133,2
6.637,50
8.715,100
4.501,0
5.485,5
5.002,2
4.611,0
6.522,50
5.019,1
7.257,50
8.068,100
9.077,100
8.539,100
5.184,5
5.576,5
5.048,1
6.371,50
4.748,2
9.217,100
4.587,2
5.02,2
5.737,0
6.729,2
4.984,2
5.94,2
5.014,5
7.206,50
4.87,5
5.298,1
5.136,1
5.632,5
8.594,100
5.405,5
6.837,50
4.557,1
9.71,100
5.576,2
4.466,0
7.622,50
4.599,2
5.118,5
5.073,0
5.828,5
5.6,0
4.768,1
4.809,1
5.11,0
5.295,0
8.737,100
5.601,0
7.107,50
8.138,100
5.094,5
5.526,0
6.706,50
4.913,2
4.77,1
6.279,2
4.558,0
5.689,2
6.763,50
6.881,50
4.812,0
5.449,1
6.69,50
4.792,5
5.642,0
9.863,100
4.953,0
5.476,5
5.063,0
7.421,50
5.331,1
4.773,0
6.566,0
6.871,50
5.422,0
5.345,0
5.469,5
6.592,50
7.658,50
5.574,0
8.315,100
4.822,1
5.845,5
7.488,50
5.601,5
5.331,2
5.377,2
6.944,5
5.268,1
5.252,2
7.544,50
8.457,100
6.812,50
4.972,0
5.17,2
4.862,1
9.111,100
4.773,2
6.896,50
5.017,1
9.205,100
5.994,0
6.845,50
4.983,0
7.242,50
8.334,100
4.744,2
5.054,0
8.235,100
4.839,5
4.539,0
6.476,50
4.516,0
4.75,0
6.991,50
4.746,1
4.756,2
5.255,5
5.219,5
6.753,50
8.729,100
7.206,50
5.275,2
5.564,5
4.94,2
9.18,100
8.906,100
4.715,1
7.005,50
4.84,2
5.017,5
6.605,50
4.517,0
6.7,50
5.074,0
4.86,0
4.85,2
5.529,0
4.945,0
7.672,50
7.007,50
6.375,50
9.007,100
4.453,0
4.764,0
5.085,5
5.346,5
5.208,2
4.865,0
4.795,0
5.597,1
5.413,5
6.65,50
4.391,0
4.477,0
4.776,1
5.128,0
5.023,0
4.879,1
4.915,0
8.353,100
6.863,50
5.251,1
6.019,2
5.661,0
6.449,50
5.476,2
4.532,0
4.841,2
7.379,50
8.293,100
9.113,100
8.42,100
8.099,100
5.037,1
4.577,0
5.159,5
5.932,1
4.855,0
5.171,0
8.748,100
9.371,100
6.358,50
6.65,50
5.31,5
6.523,50
5.137,5
8.688,100
5.459,5
4.7,1
5.128,1
5.599,2
8.995,100
8.574,100
7.138,50
6.778,50
8.896,100
5.225,5
8.879,100
6.458,50
4.623,0
4.807,0
4.638,0
4.904,5
5.157,2
4.778,0
4.748,0
5.545,1
4.872,2
5.372,1
5.197,5
6.866,50
5.756,2
5.35,0
4.819,0
8.414,100
5.076,5
5.67,0
5.274,5
8.966,100
4.874,5
5.737,2
8.914,100
5.817,1
5.884,0
7.525,50
4.969,1
5.764,2
4.727,1
4.987,1
6.256,1
7.225,50
4.899,5
5.672,5
5.334,1
5.365,2
5.222,0
6.864,50
5.013,2
8.431,100
4.549,0
5.558,0
4.774,2
6.001,1
6.015,5
5.306,0
7.385,50
5.854,5
6.217,2
5.414,0
4.746,1
5.616,0
7.208,50
9,100
9.077,100
5.354,2
5.128,0
5.413,2
5.198,5
6.889,50
5.116,0
4.798,0
5.096,1
4.648,1
4.436,0
5.363,2
6.824,50
5.208,1
4.907,2
5.166,5
5.103,2
5.883,5
5.648,2
5.362,2
5.719,1
5.207,2
4.867,2
7.182,50
8.387,100
8.478,100
7.203,50
5.331,0
6.512,50
5.47,5
4.832,2
4.781,1
4.979,0
7.253,50
5.056,0
6.788,50
5.028,1
4.795,0
4.924,5
7.025,50
4.752,0
5.221,1
5.056,0
7.151,50
9.097,100
5.359,2
8.166,100
8.276,100
7.119,50
5.803,1
7.682,50
5.408,5
5.135,5
4.691,0
5.347,5
4.837,1
5.385,1
5.374,2
5.019,1
5.276,1
6.096,0
4.618,0
6.057,5
6.816,50
7.351,50
4.833,0
5.438,0
5.675,1
5.799,5
4.981,2
6.917,50
6.328,0
5.55,0
7.187,50
4.992,0
5.461,0
5.746,1
4.804,0
5.453,0
6.142,2
8.945,100
5.578,5
5.242,5
4.903,0
4.871,5
5.139,1
5.529,0
5.428,5
5.281,5
4.82,1
5.14,1
6.976,50
6.697,50
6.753,5
5.131,5
5.202,0
5.154,5
4.812,0
5.058,5
5.143,5
5.113,2
5.214,2
5.371,2
4.743,1
4.86,1
5.538,1
4.877,1
7.046,50
6.821,50
7.045,50
5.896,0
4.803,2
5.076,5
4.781,1
8.792,100
4.889,1
4.754,0
5.767,1
4.59,0
5.695,1
9.176,100
8.69,100
4.95,5
4.664,0
4.471,0
4.814,1
6.892,50
5.106,1
8.533,100
4.747,2
4.9,0
5.625,1
5.023,0
6.758,50
8.537,100
10.627,100
8.973,100
4.532,0
9.553,100
4.771,1
6.806,50
5.204,0
5.744,5
4.523,0
8.429,100
4.992,0
8.69,100
7.485,5
4.715,0
4.88,5
4.524,0
7.934,50
4.496,0
4.722,5
6.371,50
4.382,0
5.177,1
10.422,100
4.565,2
6.915,50
4.511,0
5.356,2
4.818,2
4.974,5
5.515,2
6.783,50
6.428,50
4.787,0
8.457,100
6.513,50
4.802,0
4.676,0
4.495,0
5.169,2
9.232,100
5.192,5
4.526,1
4.777,1
6.474,50
5.002,1
4.626,0
4.844,0
4.653,0
4.43,0
4.87,2
7.158,50
4.751,2
7.855,50
4.91,0
4.428,0
9.83,100
4.976,1
4.965,1
8.515,100
4.907,2
4.703,0
5.417,5
8.468,100
4.638,0
5.357,5
8.321,100
8.929,100
4.889,2
4.889,0
4.748,0
5.123,1
4.868,0
6.685,50
4.374,0
5.115,5
8.923,100
4.891,1
6,1
4.924,0
4.77,0
5.39,0
5.805,0
6.887,50
4.442,0
6.552,50
5.011,0
5.099,1
4.798,0
6.539,50
6.581,50
8.561,100
4.492,0
4.808,2
4.867,2
5.75,2
5.073,0
4.707,2
6.651,50
4.936,5
4.568,0
5.261,5
4.669,1
4.83,0
4.825,0
4.723,1
8.965,100
4.961,1
4.993,2
5.292,5
4.422,0
4.664,0
8.64,100
4.615,0
4.759,0
4.655,0
7.535,50
6.967,50
8.847,100
4.421,0
6.69,50
4.66,0
5.081,2
5.323,0
5.057,1
8.14,50
5.674,1
4.986,5
5.118,5
5.008,5
4.752,0
4.89,2
4.482,0
4.443,0
5.239,2
8.368,100
8.133,100
4.859,5
5.376,5
4.564,2
4.805,2
4.721,0
9.403,100
7.422,50
5.601,5
5.329,0
8.457,100
7.012,0
4.446,0
5.138,2
4.385,0
5.058,5
4.339,0
5.074,5
4.741,5
4.927,1
4.898,0
5.226,0
8.065,100
4.719,1
4.574,1
4.832,1
8.813,100
4.732,0
8.338,100
4.666,0
4.804,2
4.781,5
4.735,5
4.698,2
7.544,50
4.774,1
9.446,100
4.729,1
5.327,1
7.971,100
8.281,100
10.357,100
8.425,50
9.338,100
4.894,0
7.807,50
5.515,5
6.038,1
4.472,0
7.478,50
6.297,5
4.769,0
6.65,50
4.593,0
7.719,50
4.928,2
4.872,0
5.26,5
5.067,1
8.876,100
4.993,0
4.907,0
5.523,2
4.411,0
8.338,100
5.601,2
5.223,1
5.312,5
6.925,50
4.795,1
5.235,5
5.388,0
5.025,5
5.831,2
9.071,100
5.314,5
5.305,0
4.834,0
5.192,0
5.943,1
5.293,5
5.325,5
6.87,50
5.458,1
5.747,5
5.152,1
5.539,5
5.507,5
5.448,0
9.58,100
6.824,50
5.073,1
4.542,0
8.48,100
5.23,0
6.766,50
8.674,100
5.372,0
4.784,2
6.758,50
7.042,50
7.895,50
4.844,5
5.3,2
9.336,100
5.104,5
9.592,100
8.463,100
5.358,2
4.986,0
7.999,100
5.391,2
6.332,50
5.113,0
5.476,5
5.129,2
5.142,0
4.641,0
6.763,50
5.034,1
5.415,0
8.289,100
4.689,0
4.94,1
9.024,100
5.337,0
8.861,100
5.178,1
6.932,50
5.091,0
8.768,100
4.96,5
6.637,50
4.699,0
5.021,1
5.148,0
4.604,0
5.264,0
4.671,0
5.383,1
4.668,0
5.292,5
7.407,50
8.222,100
6.481,50
4.946,0
5.051,0
4.661,2
6.565,50
5.217,5
5.501,5
10.324,100
4.688,0
5.359,1
5.05,2
7.514,50
4.68,2
5.589,5
7.218,50
5.086,0
4.674,0
4.86,5
5.146,0
5.002,0
7.887,50
4.737,1
4.856,0
5.171,2
4.56,1
5.411,5
4.988,1
4.554,0
8.272,100
8.542,100
5.151,2
4.625,1
4.61,2
7.257,50
4.966,2
7.362,50
5.238,1
4.876,2
5.222,1
8.232,100
4.981,0
4.841,0
5.657,2
4.77,1
4.458,0
7.153,50
5.098,1
5.159,1
5.136,0
7.553,50
5.366,0
9.928,100
5.028,2
5.067,1
5.092,1
5.337,5
5.029,0
5.189,1
5.576,1
6.953,5
5.136,0
5.342,2
8.303,100
5.449,1
4.824,1
5.221,0
5.03,0
5.124,2
4.799,0
8.365,100
5.314,5
5.571,5
5.26,0
4.778,0
8.896,100
6.626,50
4.504,0
5.279,5
8.81,100
5.208,2
6.927,50
9.293,100
4.458,0
4.509,0
4.824,0
7.024,50
5.881,2
5.112,2
4.98,0
9.431,100
5.339,1
6.051,0
6.401,50
8.89,100
6.458,50
4.985,2
6.633,50
9.482,100
8.281,100
9.433,100
4.708,0
4.551,1
5.171,5
6.28,2
6.652,50
4.837,1
9.014,100
4.945,2
7.62,50
4.974,0
5.212,1
5.26,1
5.213,1
5.107,0
5.046,0
5.055,2
4.766,0
5.384,1
5.298,2
4.91,2
9.556,100
4.947,0
5.566,0
7.048,50
5.365,2
4.657,0
5.612,0
5.356,0
5.713,5
8.186,50
6.002,0
5.758,2
6.649,50
6.3,5
4.723,0
5.392,5
4.395,0
5.377,2
5.094,0
4.574,0
5.499,2
4.703,0
5.077,0
4.756,1
4.773,2
6.428,50
5.357,5
8.697,100
4.763,0
6.923,50
5.147,0
4.973,1
5.084,0
4.705,0
4.776,0
4.992,0
4.619,0
5.182,2
4.708,1
8.394,100
4.845,5
7.282,50
4.635,0
4.998,1
5.686,1
9.178,100
4.948,5
4.534,0
7.52,50
5.459,5
6.426,1
8.96,100
5.478,1
4.765,1
4.866,2
5.328,5
5.813,5
8.216,100
8.207,100
6.824,50
4.819,0
5.629,0
5.574,5
5.115,0
8.875,100
5.113,0
4.978,5
4.831,0
4.578,0
4.613,0
5.124,0
4.465,0
4.672,0
7.172,50
5.276,0
5.266,1
6.865,50
5.141,0
6.368,5
5.256,5
4.845,1
4.881,5
8.67,100
4.734,1
8.053,100
4.736,2
5.044,2
5.286,5
5.195,2
5.378,0
6.881,50
4.924,1
5.372,1
5.508,5
6.943,50
5.199,5
5.676,1
8.699,100
5.108,2
4.759,0
4.831,2
6.491,50
5.363,0
5.238,1
4.998,5
5.085,5
4.873,5
8.845,100
5.719,5
9.779,100
4.798,0
10.596,100
8.596,100
5.571,0
4.866,1
5.622,0
4.836,2
4.713,0
5.444,1
4.782,0
5.524,1
4.523,0
4.983,1
7.173,50
5.171,0
5.252,0
5.411,5
5.276,2
4.951,5
5.205,5
5.63,2
4.95,1
9.636,100
4.999,0
6.882,50
4.59,0
8.977,100
4.4,0
4.881,1
4.807,1
5.139,1
6.66,50
5.139,0
5.329,5
4.798,5
5.252,0
5.056,2
5.274,5
7.218,50
5.731,1
4.716,1
6.194,5
5.3,5
5.283,1
5.338,5
4.899,2
5.52,1
6.563,50
6.793,5
5.414,5
5.89,5
5.268,1
5.56,2
4.76,0
4.935,2
7.001,50
5.079,0
5.515,0
5.536,5
5.433,0
4.922,0
8.697,100
5.116,1
7.522,50
5.202,5
8.71,100
6.978,50
4.83,1
5.687,5
5.614,5
5.12,1
4.62,0
4.603,1
8.358,100
4.549,0
4.8,5
6.979,50
5.246,5
5.294,0
8.946,100
8.825,100
4.547,0
7.054,50
4.928,2
5.318,0
5.802,5
9.485,100
8.238,100
5.016,1
4.739,0
5.671,2
5.57,0
5.09,0
6.663,50
4.713,1
4.666,2
4.925,0
5.001,0
5.008,0
4.903,0
5.429,1
5.441,2
4.885,0
5.604,5
9.119,100
4.737,5
4.677,1
7.083,50
6.815,50
6.336,50
5.127,2
5.375,0
4.95,0
4.409,0
5.58,0
5.456,0
6.382,50
9.509,100
4.714,5
5.153,5
5.245,1
5.35,1
9.173,100
6.886,50
4.959,1
4.898,0
4.548,0
5.051,1
4.765,2
8.249,100
5.667,2
7.683,50
4.798,1
5.063,0
5.505,0
5.245,5
5.078,5
9.45,100
5.052,5
4.675,0
7.044,50
5.125,0
4.94,5
5.269,0
5.621,0
5.69,5
5.272,5
8.561,100
5.26,2
5.144,0
5.915,5
5.195,2
6.55,50
4.91,0
4.56,0
6.673,50
10.284,100
5.012,1
8.133,100
5.666,2
4.696,2
4.906,2
9.643,100
6.875,50
5.137,5
7.054,50
5.459,5
6.568,50
7.413,50
6.594,50
5.33,5
4.438,0
5.892,1
5.951,0
9.294,100
4.581,0
8.244,100
8.998,100
5.592,1
4.894,0
9.752,100
8.831,100
9.094,100
8.853,100
4.665,1
4.994,2
4.959,5
5.332,2
8.901,100
5.89,2
5.618,5
5.309,2
6.141,5
4.844,0
6.956,50
7.111,50
5.589,5
4.846,1
4.925,2
5.309,1
8.425,100
5.175,0
9.926,100
6.765,50
6.357,50
10.216,100
4.839,5
4.725,1
5.397,5
4.759,0
4.414,0
4.65,0
5.747,2
5.409,5
5.551,5
4.997,0
4.499,0
6.899,50
4.73,2
4.564,0
5.819,0
5.16,5
4.985,0
8.743,100
5.231,2
4.592,0
4.767,2
5.221,0
5.677,2
5.077,1
5.174,0
5.784,5
6.35,0
8.003,50
6.529,50
8.395,100
4.834,0
4.739,0
4.582,0
8.489,100
4.713,1
9.625,100
5.678,5
4.991,0
5.264,5
5.356,2
4.599,0
5.625,5
5.273,5
5.362,5
8.296,100
6.607,50
8.531,100
4.725,1
4.858,5
5.106,1
5.49,1
4.512,0
4.371,0
4.425,0
9.235,100
5.417,0
4.88,0
8.389,100
5.376,2
5.363,1
8.542,100
4.636,0
4.93,0
5.657,1
5.594,5
5.241,2
7.753,50
6.539,50
4.668,0
4.8,2
4.597,0
4.998,5
4.993,5
8.948,100
5.187,0
5.639,5
5.291,2
7.383,50
6.415,5
5.395,0
6.839,50
4.714,0
7.38,50
4.994,0
4.588,0
4.789,0
5.094,0
8.979,100
5.606,2
5.178,2
9.245,100
5.597,2
8.688,100
5.524,5
8.961,100
6.94,50
5.243,5
6.57,50
10.262,100
5.047,0
9.314,100
7.368,50
4.494,0
5.045,5
8.895,100
6.636,50
4.96,0
8.602,100
8.406,100
4.97,1
5.306,1
4.975,0
4.766,0
4.595,0
9.109,100
6.953,50
5.315,2
4.99,0
5.528,0
8.735,100
6.603,50
4.979,5
9.809,100
5.346,2
5.499,1
4.675,1
8.337,100
4.851,1
4.986,5
5.151,1
4.863,1
8.472,100
6.801,50
4.64,2
5.313,5
9.686,100
5.105,0
4.912,0
7.308,50
6.927,50
6.393,0
5.166,2
4.983,0
8.983,100
5.35,1
5.284,5
6.997,50
4.624,0
4.46,0
8.522,100
4.843,1
5.93,2
4.977,2
4.541,0
4.573,0
5.065,5
5.205,2
4.831,2
4.641,0
4.55,0
5.418,0
5.1,5
5.685,0
5.746,5
5.36,0
4.786,1
6.117,2
5.569,0
5.147,0
5.513,2
4.802,0
9.476,100
4.582,1
4.82,0
5.359,5
5.397,2
5.61,5
4.957,0
4.56,0
5.042,0
4.908,5
5.301,5
5.159,5
5.028,5
4.998,5
5.21,2
5.05,0
6.903,50
4.751,0
4.77,2
8.298,100
5.185,5
9.236,100
7.243,50
5.565,5
8.336,100
4.779,0
4.873,2
7.753,50
5.856,5
4.829,1
4.651,0
9.311,100
5.899,5
4.784,0
4.831,0
8.736,100
4.5,0
5.145,2
8.852,100
5.139,0
8.697,100
4.93,2
9.052,100
5.077,1
5.024,5
4.974,5
4.969,0
6.633,50
9.116,100
5.382,0
4.606,0
5.003,0
6.921,5
5.557,5
4.771,1
5.261,5
8.57,100
5.261,0
6.841,50
4.662,1
5.204,2
5.169,0
5.373,5
6.982,50
9.118,100
5.119,1
8.625,100
6.651,50
4.992,0
8.312,100
8.853,100
6.449,50
4.486,0
4.542,0
4.818,1
5.238,2
4.695,1
8.177,100
5.613,2
5.914,2
4.618,0
5.575,5
5.229,0
5.919,2
4.779,0
5.025,2
5.184,0
7.211,50
5.083,1
6.606,50
5.418,2
4.443,0
4.672,0
8.214,100
8.303,100
6.188,0
4.43,0
5.242,1
8.73,100
6.994,50
4.575,0
4.928,0
6.693,50
4.487,0
4.846,1
5.287,2
7.005,50
4.892,2
4.59,1
7.723,50
4.942,2
5.425,0
5.177,2
4.804,1
4.969,0
4.651,0
5.094,5
5.697,0
4.637,1
9.779,100
4.576,1
4.4,0
4.519,1
4.978,1
5.264,5
5.294,0
5.595,1
5.763,2
8.286,50
8.906,50
7.909,50
4.608,0
4.914,2
5.471,2
5.416,0
5.353,1
4.97,1
4.799,0
5.077,0
4.854,1
4.861,0
5.413,5
5.105,5
5.747,5
4.506,0
5.333,0
4.8,0
4.671,1
4.698,2
5.262,0
4.684,1
8.998,100
4.42,0
9.234,100
4.991,2
4.885,0
5.067,5
4.783,0
4.781,5
4.698,0
5.025,5
5.849,5
4.999,5
5.712,0
7.848,50
5.343,0
5.198,5
6.952,50
6.741,50
8.197,100
4.833,2
4.893,2
4.827,0
5.061,2
5.475,5
9.387,100
5.392,0
8.706,100
5.272,2
7.633,50
5.338,2
5.272,2
5.03,0
6.668,50
4.851,2
5.503,2
9.889,100
5.317,5
5.061,0
4.766,0
4.982,0
4.806,0
5.462,1
6.443,50
5.123,0
8.97,100
8.704,100
5.047,0
5.4,5
8.806,100
8.265,100
4.936,5
7.988,100
4.445,0
4.618,0
4.498,0
8.23,100
4.705,1
5.405,2
5.114,2
8.812,100
4.72,2
5.338,0
4.779,0
4.773,2
7.544,50
8.336,100
8.364,100
5.14,5
6.316,50
5.824,5
5.002,0
4.919,0
4.931,0
5.005,0
7.177,50
5.443,0
4.47,0
8.857,100
10.78,100
8.582,100
5.784,5
5.371,2
4.525,0
4.869,0
4.837,2
6.793,50
4.789,0
4.498,0
8.64,100
4.797,0
6.568,50
8.395,100
5.908,5
5.236,2
7.72,50
4.738,1
4.771,2
5.039,0
5.752,5
4.945,2
8.613,100
5.066,2
5.343,1
5.189,1
5.474,2
5.028,0
5.851,5
4.574,0
7.22,50
9.283,100
5.902,0
8.405,100
8.627,100
8.422,100
5.38,1
4.753,1
5.42,5
8.254,100
4.704,1
4.789,0
5.017,5
5.439,0
4.994,5
4.505,0
4.985,5
8.181,100
6.292,50
5.448,2
5.272,5
4.943,2
4.693,2
6.602,50
6.736,50
6.772,50
6.726,50
5.102,5
4.978,2
5.716,0
4.888,0
5.401,5
5.462,2
5.14,2
4.907,2
5.109,1
6.641,50
4.908,0
4.973,2
4.799,0
5.347,0
5.8,5
4.828,0
5.564,0
5.762,5
5.204,0
6.206,5
9.434,100
6.51,50
5.375,5
4.828,0
5.37,2
4.777,0
4.766,0
5.525,5
5.807,1
5.083,1
5.451,0
5.304,5
8.855,100
5.415,0
5.095,1
4.506,0
7.62,50
5.311,1
5.311,2
7.7,50
5.238,2
5.595,5
6.334,50
4.945,0
5.18,1
6.308,50
8.446,100
5.687,5
5.672,5
5.116,2
6.65,50
8.878,100
8.995,100
4.996,0
9.42,100
4.469,0
4.944,2
8.515,100
7.449,50
8.283,100
4.534,1
5.411,5
4.736,2
5.056,2
7.014,50
4.794,5
4.664,2
5.171,1
8.891,100
5.122,0
5.205,1
5.558,5
4.825,1
10.93,100
6.452,50
8.23,100
4.855,0
5.516,1
4.628,0
8.52,100
4.625,0
5.99,1
5.038,2
4.883,5
8.916,100
8.186,100
4.942,0
4.595,0
6.922,50
5.382,1
4.754,5
5.508,5
5.452,2
5.673,5
5.585,1
8.715,100
5.109,2
5.556,1
5.215,5
5.215,0
5.207,0
6.006,1
4.409,0
4.836,0
7.237,50
4.636,1
4.751,0
5.175,5
5.089,1
9.087,100
6.809,50
5.147,0
5.415,1
7.134,50
5.95,5
5.023,5
7.438,50
4.948,0
5.364,2
4.69,0
5.031,1
8.328,100
8.268,100
5.668,0
9.927,100
5.798,2
5.331,0
4.622,0
5.464,0
5.587,0
5.352,5
8.917,100
4.433,0
5.261,1
4.634,0
5.125,2
5.481,2
8.495,100
5.154,5
6.424,2
7.141,5
5.485,1
6.814,50
4.456,0
5.498,0
5.202,1
5.274,1
6.652,50
4.869,0
4.84,2
4.984,2
7.031,50
4.929,5
4.937,5
5.393,0
7.505,50
4.902,5
6.549,50
4.78,1
4.464,0
4.865,5
5.247,2
5.516,5
5.132,1
6.553,50
9.682,100
5.493,5
5.53,5
7.36,50
4.481,0
5.033,0
4.859,5
4.723,1
5.124,2
5.247,5
9.739,100
8.629,100
4.983,0
6.541,50
5.505,0
5.702,5
5.692,0
8.898,100
4.949,0
4.891,2
4.872,0
4.807,1
6.577,50
4.566,0
8.666,100
5.148,1
4.79,5
6.904,50
4.735,1
5.293,2
8.726,100
4.958,1
8.547,100
4.993,5
5.22,5
8.9,100
4.472,0
5.277,0
5.749,2
8.174,100
8.879,100
5.228,0
5.713,5
7.957,50
4.823,1
4.923,2
5.092,0
8.386,100
4.668,1
5.115,5
5.279,2
7.039,50
4.852,2
4.594,0
9.585,100
6.195,1
5.151,5
5.603,2
5.558,1
5.072,2
4.809,0
4.577,0
5.151,1
8.709,100
6.93,50
5.377,0
4.411,0
5.189,5
5.259,0
7.741,50
4.797,0
5.718,2
4.979,2
9.235,100
5.79,1
5.318,1
6.295,1
6.398,50
4.985,2
4.39,0
6.356,50
4.916,0
5.028,0
5.346,1
9.67,100
5.124,2
4.812,5
8.443,100
5.474,0
5.864,1
4.877,0
5.449,5
7.126,50
4.915,2
5.549,0
4.662,1
7.903,50
6.967,50
4.649,0
5.329,1
4.917,0
10.15,100
4.473,0
4.642,2
6.628,50
8.686,100
5.214,0
8.23,100
4.913,1
4.832,5
5.518,1
4.759,5
4.86,5
4.855,0
5.307,1
5.343,0
8.165,100
8.403,100
7.201,50
5.03,0
4.827,0
6.957,50
6.9,50
4.829,2
4.772,0
4.757,0
5.88,5
8.33,100
5.071,1
5.346,0
4.588,0
8.956,100
6.594,50
5.194,0
5.502,0
4.818,0
8.428,100
8.455,100
4.759,0
4.619,0
5.023,2
8.661,100
6.946,50
4.927,0
4.785,1
5.258,5
4.763,1
5.093,5
9.155,100
5.028,1
5.356,0
4.781,0
5.486,0
5.4,5
5.121,5
7.09,1
6.373,50
4.94,5
5.182,5
5.298,2
5.008,5
5.097,2
5.224,5
4.598,0
7.202,50
5.21,2
5.139,0
5.553,0
5.548,2
7.934,50
4.975,0
4.935,0
9.906,100
5.336,0
9.296,100
5.653,0
5.106,1
7.007,50
6.616,50
5.524,1
9.345,100
4.853,0
8.639,100
5.035,1
5.422,2
7.799,50
7.449,50
5.06,0
4.991,0
10.035,100
7.111,50
5.28,0
8.87,100
5.158,0
5.361,2
5.278,2
4.98,2
5.527,2
4.753,1
6.768,50
5.902,5
9.114,100
5.128,1
5.246,5
4.656,0
4.915,0
4.995,2
5.103,0
5.429,2
5.018,2
10.749,100
8.55,100
5.389,2
9.409,100
8.741,100
6.354,0
5.375,5
5.032,0
7.188,50
4.38,0
7.121,50
4.76,5
4.802,2
5.185,0
4.618,0
4.383,0
5.078,5
4.761,0
8.513,50
7.424,50
5.401,5
4.792,2
8.916,100
5.273,1
5.143,2
8.843,100
7.272,50
4.836,0
6.495,0
5.875,5
6.23,1
5.728,0
9.721,100
6.056,2
6.273,5
4.942,5
4.996,0
9.235,100
5.039,1
5.047,2
4.869,2
8.951,100
4.835,0
5.244,2
6.677,50
4.893,1
8.354,100
5.915,5
8.941,100
5.4,2
9.164,100
4.663,0
5.039,2
5.444,0
4.527,0
4.824,1
4.866,2
5.187,5
9.106,100
4.776,0
8.2,100
4.926,0
4.689,1
4.708,1
4.735,1
9.127,100
8.995,100
5.091,5
5.723,0
8.607,100
5.511,5
4.518,0
8.853,100
5.164,5
4.926,1
5.286,0
5.005,1
4.744,0
4.616,1
5.604,2
6.72,50
5.267,0
4.876,0
5.68,0
8.605,100
4.903,1
8.789,100
5.313,1
6.713,50
8.838,50
6.355,2
5.105,2
4.955,1
5.1,0
4.907,2
6.687,50
4.945,0
4.696,5
4.728,0
6.743,50
5.549,0
4.823,1
4.986,2
4.995,2
9.85,100
4.389,0
5.12,5
8.53,100
8.963,100
8.425,100
4.708,0
4.733,0
4.701,2
5.605,5
4.698,0
4.935,2
5.032,0
8.889,100
4.783,0
8.48,100
5.136,5
5.657,2
4.949,2
9.227,100
8.558,100
5.292,0
6.762,50
5.235,2
5.353,1
6.723,50
5.281,5
5.504,5
7.006,50
8.237,50
6.861,50
4.775,5
4.881,2
5.252,0
5.786,2
4.891,0
10.309,100
7.785,50
8.117,100
8.428,100
5.015,5
4.961,0
4.989,1
4.711,1
4.657,2
4.943,1
5.014,0
5.029,0
5.041,2
4.987,2
7.194,50
4.449,0
5.282,2
4.919,1
4.897,0
7.049,50
4.886,2
9.856,100
4.458,0
8.801,100
5.474,2
9.923,100
4.736,0
4.963,2
5.058,2
6.461,50
8.241,100
6.048,5
4.988,0
5.228,1
5.356,0
5.145,0
5.206,2
5.271,5
5.841,0
5.875,5
5.321,2
4.924,0
4.675,1
4.751,5
4.56,0
4.599,0
4.461,0
10.713,100
5.198,2
6.674,50
6.5,50
4.761,0
4.412,0
4.708,1
4.835,0
4.896,2
5.255,1
5.272,1
4.639,0
4.75,2
6.648,50
8.454,100
9.34,100
5.537,1
5.436,0
5.355,0
4.982,1
5.504,1
7.555,50
4.741,0
5.391,2
9.329,100
8.287,100
4.674,0
8.775,100
5.224,2
4.804,0
5.445,1
5.325,0
9.692,100
5.515,0
5.467,1
5.663,5
5.538,0
6.312,50
4.852,1
8.986,100
5.287,5
10.347,100
5.098,0
9.304,100
5.407,0
5.323,0
5.31,0
4.988,0
5.35,0
7.598,50
4.674,1
5.148,1
5.295,5
6.036,5
7.482,50
5.009,2
5.187,2
5.459,5
5.299,2
7.111,50
5.129,0
5.112,5
4.893,0
4.855,0
5.296,2
5.916,5
5.283,5
5.367,2
5.386,1
4.592,0
6.728,50
8.399,100
4.632,0
5.853,5
5.098,2
7.457,50
4.358,0
8.274,100
4.941,0
5.123,0
5.178,5
7.169,50
8.889,100
7.738,50
6.965,50
6.839,50
5.094,1
8.701,100
5.691,5
8.831,100
5.53,5
5.12,1
4.973,2
5.33,1
8.926,100
8.8,100
6.414,5
5.469,5
5.668,1
5.334,5
5.507,1
7.08,50
5.153,0
4.644,0
7.345,50
7.132,50
5.132,0
5.057,0
5.132,2
9.637,100
5.061,0
5.023,0
5.502,5
6.626,50
5.078,1
5.204,0
5.636,0
5.399,5
7.487,50
5.318,5
8.799,100
6.675,50
9.196,100
5.589,0
5.68,5
6.858,50
8.353,100
5.438,2
7.616,50
5.967,5
5.395,0
5.45,1
5.353,2
9.581,100
4.728,1
4.831,1
5.591,0
9.578,100
5.607,1
8.619,100
5.167,0
5.521,2
9.018,100
5.528,2
4.875,0
10.405,100
5.342,1
6.656,50
5.059,0
7.302,50
5.198,0
5.233,5
7.332,50
4.893,5
4.855,0
5.045,1
6.51,50
6.253,50
6.981,50
5.537,5
4.85,2
4.865,0
6.785,50
4.673,0
5.124,1
4.874,0
4.824,0
4.629,1
4.885,0
4.886,2
5.471,5
5.395,1
5.754,0
5.267,0
4.872,1
8.602,100
4.846,2
6.784,50
4.804,0
5.15,0
9.096,100
5.106,0
9.328,100
9.816,100
4.924,2
5.135,1
5.22,2
5.221,2
4.743,0
5.237,2
6.927,50
7.861,50
5.303,0
4.774,0
4.912,1
4.675,2
8.762,100
5.549,5
5.612,0
6.648,5
6.671,50
5.798,2
4.903,2
5.968,1
8.67,100
5.126,0
4.953,2
4.957,1
4.829,0
4.849,1
5.124,1
5.517,1
5.031,5
8.636,100
8.644,100
5.929,0
4.904,0
9.185,100
5.082,2
5.314,0
4.691,0
5.198,5
4.774,0
8.504,100
8.964,100
5.396,5
4.757,2
5.387,1
5.544,1
5.015,5
4.501,0
5.471,0
5.503,1
5,5
4.575,0
5.564,5
4.905,2
4.872,0
5.463,1
4.813,2
5.646,0
5.117,5
4.802,0
4.989,5
5.557,2
8.758,100
5.24,0
8.814,100
5.413,1
8.69,100
8.519,100
5.263,2
6.927,50
5.081,5
4.935,0
7.612,50
5.685,0
5.49,5
4.897,0
5.036,0
5.197,2
5.093,1
4.551,0
4.829,2
5.038,0
4.839,1
5.228,5
5.36,5
8.937,100
4.982,5
4.516,0
6.869,50
6.852,50
5.207,1
5.239,0
7.251,50
5.198,0
5.292,1
5.342,5
5.261,1
5.505,5
8.434,100
8.447,100
8.605,100
5.314,1
5.62,2
5.329,1
5.39,1
7.325,50
5.259,5
5.18,1
8.581,100
8.818,100
7.248,50
4.944,2
5.394,5
7.588,50
4.742,2
6.291,50
5.221,5
5.578,5
8.883,100
7.578,50
7.103,50
8.595,100
4.943,2
5.122,5
4.919,5
5.484,1
5.272,1
6.945,50
5.022,1
5.38,5
5.074,1
7.477,50
6.497,50
4.736,5
6.593,50
4.999,2
4.743,2
5.344,5
5.409,2
5.31,1
5.193,2
8.833,100
5.122,2
7.429,50
8.702,100
5.872,2
8.373,100
4.772,1
6.779,50
5.205,5
4.585,1
4.949,2
8.154,100
4.865,2
4.868,5
4.582,1
5.097,2
5.533,2
5.048,2
4.664,2
4.93,1
5.156,5
5.162,1
7.017,50
5.869,2
8.546,100
5.331,5
6.47,50
8.761,100
4.947,1
7.865,50
8.398,100
5.153,2
9.505,100
6.742,50
8.768,100
5.281,2
8.544,100
5.253,1
5.364,2
4.873,1
9.149,100
6.871,50
7.002,50
5.671,5
9.802,100
5.007,2
4.815,5
5.203,5
9.847,100
8.768,100
8.494,100
4.725,2
5.021,5
4.947,2
4.689,1
4.792,1
6.988,50
4.838,1
5.17,2
5.785,1
6.938,50
4.97,5
8.954,100
8.35,100
8.087,50
8.874,100
4.977,1
9.104,100
5.063,5
4.604,2
9.73,100
4.885,1
5.16,2
7.031,50
4.839,5
6.519,50
7.401,50
5.541,5
6.81,50
8.294,100
4.539,1
5.066,1
5.042,2
7.75,50
6.985,50
5.177,5
6.904,50
5.163,2
6.452,50
5.155,5
5.364,2
5.252,2
5.293,2
5.201,2
7.045,50
11.126,100
6.91,50
4.88,1
8.615,100
5.191,2
9.248,100
5.115,2
8.929,100
9.356,100
9.625,100
4.858,1
5.081,5
6.877,50
9.259,100
4.868,5
5.837,5
5.106,2
6.684,50
8.719,100
5.541,2
6.597,5
9.75,100
6.318,2
5.522,2
5.915,2
5.038,1
5.32,2
8.802,100
5.624,5
5.285,2
5.391,5
8.546,100
4.721,2
5.516,1
6.979,50
9.779,100
5.404,1
5.189,1
5.621,2
7.673,50
5.354,5
5.268,1
5.546,1
8.712,100
4.925,2
5.158,1
5.071,1
6.493,50
5.128,5
6.867,50
5.491,5
6.938,50
9.754,100
5.429,1
5.295,2
4.942,2
5.011,1
6.904,50
4.745,1
5.387,5
5.078,5
6.996,50
6.995,50
5.189,1
5.156,5
10.064,100
4.826,2
6.789,50
5.188,1
5.115,2
7.295,50
5.383,1
5.204,1
4.669,1
5.044,2
8.351,100
8.818,100
6.658,50
9.658,100
5.119,5
5.058,2
7.553,50
5.249,1
6.814,50
4.782,1
5.066,5
7.742,50
5.198,1
7.502,50
5.08,2
4.906,5
8.253,100
6.81,50
8.708,100
4.893,2
6.532,50
8.563,100
4.918,1
4.752,1
5.47,2
5.561,5
8,50
8.697,100
6.747,5
7.325,50
5.164,2
5.602,5
4.797,1
4.576,1
4.758,1
9.235,100
7.529,50
5.429,5
9.723,100
4.795,1
9.009,100
8.867,100
4.969,1
4.93,1
4.708,2
8.225,100
6.111,2
4.655,2
4.849,1
5.001,1
9.882,100
4.977,2
8.765,100
4.824,5
4.973,5
8.215,100
6.135,2
7.054,50
9.445,100
7.217,50
5.136,5
7.573,50
5.533,2
5.276,5
4.913,5
5.109,2
4.968,1
9.574,100
5.488,1
5.732,5
9.448,100
5.995,5
4.937,2
6.592,50
5.181,5
5.917,2
6.694,5
8.954,100
4.993,5
8.571,100
8.942,100
7.692,50
10.126,100
5.3,5
5.166,2
6.788,50
5.145,2
7.014,50
8.858,100
5.813,5
5.147,1
8.727,100
5.298,5
8.337,100
5.445,2
8.789,100
5.163,2
5.392,2
7.196,50
4.756,1
7.044,50
5.271,5
5.266,5
5.191,5
7.335,50
5.13,2
8.893,100
5.033,2
5.171,2
5.104,1
5.674,5
7.206,50
5.512,2
5.596,5
5.722,1
5.706,5
5.396,1
9.405,100
7.118,50
6.819,50
5.298,1
5.189,2
8.95,100
5.358,5
4.938,1
5.631,5
9.158,100
8.952,100
5.531,2
5.233,5
9.061,100
5.382,5
7.386,50
7.213,50
7.838,50
5.041,2
4.87,2
5.569,1
5.383,5
5.307,5
9.496,100
5.44,1
5.489,1
6.684,50
4.959,1
9.164,100
8.268,100
8.64,100
9.042,100
5.178,1
9.058,100
5.334,1
4.816,2
4.99,1
5.342,2
4.798,2
8.724,100
4.895,2
8.937,100
9.4,100
6.249,1
8.174,100
8.136,100
6.466,50
8.708,100
5.813,5
6.683,50
5.305,2
5.349,5
4.915,5
8.936,100
7.269,50
4.977,2
10.328,100
4.75,5
6.553,50
5.459,5
5.319,1
5.617,2
10.572,100
4.627,1
5.671,5
7.218,50
5.586,2
5.188,1
5.592,1
4.978,1
5.763,5
6.819,50
6.942,50
5.13,5
5.499,5
5.541,5
8.503,100
6.297,50
5.676,1
5.927,2
8.292,100
7.42,50
4.602,1
5.268,5
6.597,50
4.848,2
9.625,100
4.924,5
6.618,50
5.203,5
5.307,5
5.099,5
8.285,100
6.525,50
4.789,2
8.259,100
6.5,50
5.568,5
5.302,2
5.331,1
5.774,5
8.582,100
5.554,5
8.349,100
4.936,5
5.272,5
6.869,50
7.379,50
5.178,1
5.18,2
4.861,2
6.396,50
6.071,2
7.305,50
7.389,50
5.506,1
4.914,2
6.823,50
8.229,50
5.173,1
8.944,100
5.219,2
4.71,2
5.42,1
4.645,1
4.914,5
7.162,50
7.647,50
5.534,2
6.077,5
7.402,50
6.559,50
5.731,5
6.035,1
6.915,50
4.924,1
5.124,5
7.283,50
5.127,5
4.683,5
8.901,100
4.927,2
5.515,1
4.631,1
5.261,2
5.38,1
4.941,1
9.593,100
5.007,2
10,100
5.278,5
5.586,2
5.132,1
5.629,5
5.154,5
9.188,100
6.836,50
5.052,5
5.101,1
5.496,2
5.17,2
8.567,100
4.809,1
5.121,5
4.867,2
5.002,2
4.952,1
6.516,50
5.668,5
5.937,1
10.135,100
4.685,2
5.992,5
8.103,100
5.803,5
4.759,2
8.654,100
5.135,2
4.742,5
6.572,50
6.169,5
4.865,1
5.19,5
5.033,5
4.964,5
4.907,5
7.973,50
4.992,1
8.739,100
5.607,2
5.769,1
5.365,1
9.697,100
6.298,5
5.036,1
4.967,1
8.919,100
5.634,5
8.353,100
5.257,5
6.56,50
5.011,2
6.683,50
4.725,2
7.286,50
4.955,5
8.406,100
8.222,100
8.667,100
5.498,5
6.583,50
6.945,50
5.086,1
4.953,2
8.376,100
7.653,50
5.317,1
4.799,2
5.261,2
4.88,1
4.756,5
5.533,5
6.799,50
7.025,50
5.532,5
7.288,50
6.396,50
6.413,50
7.56,50
4.878,5
5.313,2
5.245,2
5.513,1
6.086,2
4.991,1
4.577,1
6.389,50
8.37,50
5.813,1
6.7,50
7.052,50
4.869,1
9.738,100
8.823,100
5.787,5
5.508,2
9.17,100
5.229,1
9.314,100
5.618,5
9.332,100
6.616,50
8.514,100
5.551,1
5.149,2
5.278,1
8.255,100
5.005,2
8.613,50
5.345,5
8.554,100
4.783,1
6.699,50
5.114,5
9.81,100
4.808,1
10.029,100
5.308,5
4.851,5
4.945,5
6.823,50
5.403,5
5.566,1
5.193,5
5.505,2
6.845,50
8.738,100
9.515,100
6.717,50
8.273,100
4.989,1
7.143,50
7.37,50
4.88,2
5.631,2
8.65,100
5.129,5
5.596,2
5.684,1
8.444,100
4.823,2
4.91,5
9.787,100
4.866,1
4.944,1
5.55,2
5.874,5
5.165,1
6.588,50
8.47,100
5.382,2
8.639,100
5.642,1
4.991,2
4.899,1
4.76,2
6.593,50
4.668,1
7.817,50
4.722,2
5.649,2
5.394,2
5.431,1
8.854,100
5.28,5
4.909,5
8.466,100
4.752,1
5.131,2
5.465,5
6.06,1
5.335,5
4.91,1
8.637,5
5.371,2
4.789,1
4.986,1
6.872,50
5.286,2
4.876,2
4.829,1
7.501,50
4.652,1
5.008,1
7.022,50
5.317,2
4.952,5
8.417,100
6.851,50
5.525,5
5.182,5
6.01,2
4.784,1
5.059,2
6.655,50
6.966,50
8.723,100
9.233,100
7.55,50
5.281,2
4.817,2
7.279,50
4.88,5
4.919,2
6.846,50
8.519,100
5.207,5
4.678,1
5.09,2
5.247,1
5.62,5
4.894,2
5.908,2
5.179,2
5.073,5
8.224,100
5.014,1
5.425,5
4.736,2
4.934,2
8.992,100
4.809,1
9.387,100
5.063,1
6.705,50
5.094,2
9.227,100
8.746,100
5.696,5
4.998,1
5.689,5
8.53,100
5.536,5
6.475,50
5.431,2
6.476,50
5.773,1
5.271,2
8.78,100
5.099,2
9.085,100
4.918,2
5.029,5
6.712,50
4.828,5
9.171,100
5.125,2
4.773,1
7.326,50
5.199,5
5.136,5
7.192,50
6.426,50
4.673,1
8.863,100
4.971,2
8.969,100
5.322,1
5.534,2
6.821,50
7.079,50
7.105,50
4.952,5
4.966,5
4.823,1
8.831,100
5.81,2
8.838,100
8.339,100
6.074,1
5.112,2
9.341,100
5.052,5
5.681,5
5.305,5
4.761,2
5.965,1
6.93,50
9.25,100
6.731,50
8.897,100
9.248,100
5.331,2
8.639,100
5.694,5
4.642,1
5.13,1
4.715,5
5.03,2
5.103,2
5.192,5
5.156,5
6.466,50
4.579,1
8.516,100
5.002,5
4.545,1
5.175,5
8.762,100
4.705,5
8.129,100
4.63,2
4.983,2
8.629,100
8.119,100
8.509,100
5.761,5
5.936,2
8.558,100
8.938,100
6.789,50
5.125,1
6.951,50
6.699,50
8.758,100
5.821,1
6.658,50
7.163,50
7.482,50
4.869,1
5.252,2
5.394,1
5.066,1
4.941,5
8.728,100
8.575,100
5.284,2
4.889,2
5.127,5
9.306,100
6.919,50
9.029,100
8.632,50
4.823,1
7.354,50
6.634,50
6.409,50
7.486,50
4.783,1
8.401,100
4.963,5
5.372,2
5.582,2
5.359,1
5.262,5
5.243,2
5.327,5
4.943,5
7.028,50
7.312,50
5.305,5
8.72,100
4.763,2
5.082,5
4.988,5
6.959,50
5.144,5
4.99,1
4.902,2
8.844,100
5.502,2
8.142,100
5.035,5
5.066,2
8.325,100
5.099,2
10.069,100
7.78,50
5.185,5
5.355,5
5.331,2
6.926,50
5.218,1
6.059,2
6.491,50
5.375,5
5.164,2
5.745,2
8.606,100
4.718,1
4.697,1
8.584,100
5.033,2
7.143,50
5.141,2
4.801,1
4.964,1
5.498,5
4.899,2
8.801,100
5.625,1
5.927,1
7.417,50
5.6,5
8.813,100
9.342,100
8.932,100
8.389,100
7.541,50
5.233,2
8.467,100
5.358,1
6.7,50
8.852,100
9.614,100
8.573,100
5.724,2
8.655,100
7.303,50
10.227,100
5.217,1
4.687,1
7.427,50
6.964,50
6.122,5
4.77,1
5.429,5
8.372,100
6.552,50
8.196,100
9.189,100
5.463,2
8.45,100
7.678,50
8.683,100
7.1,50
5.59,5
4.801,1
4.891,2
5.134,5
4.746,2
4.812,2
7.312,50
4.52,1
5.265,2
4.716,1
7.209,50
8.23,100
6.675,50
5.062,1
8.914,100
8.306,100
5.464,1
5.4,5
6.984,50
9,100
8.319,100
5.258,5
5.1,2
5.539,5
6.894,50
6.826,50
5.532,1
7.557,50
7.197,50
5.299,2
5.51,2
6.874,50
9.476,100
5.226,2
5.18,5
8.207,100
4.988,1
5.36,5
7.026,50
8.242,100
4.691,2
8.677,100
5.389,1
5.097,2
9.335,100
5.937,5
5.456,2
8.87,100
5.235,2
5.061,5
4.815,2
9.273,100
4.967,5
4.774,2
4.813,2
8.333,100
5.263,5
6.9,50
4.764,1
5.416,5
4.928,2
6.344,50
5.618,2
4.745,1
9.001,100
5.169,2
5.042,2
8.412,100
8.484,100
5.309,1
5.41,5
4.814,2
6.728,50
5.028,5
4.841,2
5.097,5
4.579,1
4.93,1
4.636,2
8.505,100
4.889,5
5.01,2
7.43,50
8.481,100
5.447,2
6.803,50
4.761,1
5.5,2
10.183,100
9.038,100
8.554,100
5.301,5
5.662,5
7.014,50
4.939,1
5.183,2
7.673,50
4.992,1
5.151,5
6.89,50
5.206,5
10.281,100
8.345,100
5.073,5
4.795,2
4.908,1
8.335,100
5.149,2
4.924,1
5.413,1
8.821,100
8.501,100
4.798,2
6.636,50
5.612,5
4.918,2
4.9,2
5.475,2
9.37,100
4.936,2
4.887,2
5.354,5
4.956,2
7.315,50
5.189,5
4.657,5
5.129,5
4.751,5
7.008,50
5.051,2
8.103,100
4.979,2
5.752,5
6.482,50
6.208,1
6.662,50
8.912,100
8.407,100
6.371,50
5.71,2
6.661,50
4.705,2
5.382,5
8.38,100
5.718,1
7.116,50
5.12,5
6.917,50
6.625,50
8.224,100
8.929,100
8.814,100
5.641,1
10.23,100
8.979,100
4.847,2
5.417,5
5.305,5
8.307,100
5.306,2
7.049,50
9.025,100
6.009,5
4.7,1
4.686,2
4.929,5
5.47,2
5.858,2
8.922,100
6.835,50
5.385,1
5.01,5
5.489,5
5.895,1
8.433,100
7.008,50
8.443,100
5.012,1
8.461,100
5.138,1
6.533,50
5.705,1
9.089,100
9.517,100
5.909,2
9.334,100
8.037,50
7.053,50
6.658,50
8.718,100
9.04,100
5.548,1
5.28,5
9.006,100
5.132,2
4.881,2
9.751,100
5.619,1
5.035,2
6.182,1
9.914,100
6.885,50
5.435,2
5.648,1
5.605,1
6.111,1
5.181,2
8.977,100
5.063,2
10.043,100
6.488,50
8.719,100
10.269,100
5.244,2
7.124,50
9.324,100
8.657,100
5.421,2
6.534,50
7.14,50
5.172,5
7.295,50
5.506,2
5.322,2
8.65,100
6.866,50
4.929,1
9.332,100
8.892,100
7.213,50
8.87,100
6.027,5
9.91,100
5.462,2
8.682,100
9.253,100
5.601,2
9.103,100
5.429,2
4.898,1
5.456,2
8.967,100
8.604,100
7.002,50
5.488,2
5.4,1
9.42,100
9.537,100
6.6,50
5.171,2
5.384,5
5.576,5
7.36,50
5.192,5
5.783,2
5.208,1
5.581,2
5.231,5
5.051,5
5.427,5
4.924,5
4.874,2
5.158,2
6.899,50
5.325,1
5.05,1
8.622,100
10.236,100
8.454,100
5.453,5
6.24,1
4.799,5
7.489,50
5.466,2
5.485,5
4.875,5
4.858,2
4.895,2
7.389,50
8.854,100
6.064,1
5.398,1
5.763,2
5.873,5
4.979,5
8.7,100
5.451,5
5.643,5
6.952,50
7.444,50
10.03,100
5.188,2
9.11,100
5.102,1
7.829,50
4.938,2
5.606,1
5.571,1
5.704,1
5.539,1
5.775,1
4.882,1
6.05,2
8.823,100
5.305,5
5.949,5
7.099,50
9.378,100
5.15,2
5.261,2
5.098,2
5.211,1
6.776,50
6.909,50
4.83,1
8.45,100
5.198,5
8.309,100
5.566,5
5.201,5
8.927,100
4.94,5
6.398,50
5.436,1
6.486,50
9.015,100
8.753,100
4.776,5
7.12,50
9.613,100
5.338,5
5.272,5
6.569,50
8.551,100
6.845,50
5.163,5
6.949,50
5.547,5
8.53,100
5.349,2
5.292,5
6.796,50
4.852,1
5.847,5
9.012,100
6.968,50
5.288,5
4.788,1
7.261,50
7.994,100
8.408,100
8.432,100
6.46,50
5.148,2
8.962,100
6.135,1
4.782,2
5.432,2
8.594,100
4.695,1
5.069,2
6.033,2
10.336,100
6.615,50
7.373,50
8.6,100
6.865,50
8.698,100
6.654,50
4.861,1
5.067,1
5.488,5
5,1
4.715,1
5.248,2
4.821,1
5.045,1
8.638,100
6.493,50
4.769,1
8.459,100
5.053,2
5.427,2
5.481,5
6.561,50
6.086,2
6.711,50
4.865,2
5.555,1
5.031,1
5.009,1
4.825,5
7.838,50
5.107,5
5.15,5
5.131,2
6.339,50
8.628,100
9.268,100
4.625,2
9.913,100
5.235,5
9.257,100
7.402,50
7.242,50
5.312,2
5.152,1
5.789,1
4.692,2
6.514,50
6.634,50
8.736,100
8.273,100
4.699,1
4.606,1
5.591,5
4.846,2
8.475,100
8.098,100
7.455,50
8.225,100
4.682,1
9.018,100
5.053,2
8.188,100
4.768,1
6.64,50
7.046,50
5.028,1
4.971,5
5.346,5
6.942,50
9.035,5
7.02,50
5.464,5
9.106,100
6.372,2
7.382,50
5.788,1
5.862,5
6.368,2
5.834,5
5.95,2
5.769,2
5.013,1
5.054,2
5.565,1
5.86,2
5.016,1
8.423,100
5.159,1
4.989,1
4.745,2
8.772,100
8.587,100
7.681,50
4.962,5
7.799,50
4.935,1
4.663,1
8.88,100
5.521,2
9.212,100
5.141,1
5.288,2
9.062,100
4.909,5
6.532,50
5.163,1
7.053,50
5.377,2
7.781,50
7.393,50
5.854,5
8.495,100
4.763,2
5.539,1
5.511,1
5.358,5
4.945,2
5.95,1
5.263,5
6.49,1
7.078,50
4.734,2
5.242,2
4.843,1
5.265,5
5.528,1
4.922,2
4.977,1
6.5,50
8.154,100
6.994,50
4.918,1
5.168,5
7.469,50
5.343,2
5.501,5
5.919,5
4.938,1
5.167,1
4.97,5
8.498,100
4.689,2
5.551,1
4.981,2
6.623,50
8.787,100
5.112,1
5.737,1
8.906,100
6.895,50
7.66,50
6.598,50
5.34,1
5.957,1
4.95,5
8.829,100
5.018,5
4.707,2
5.379,2
6.777,50
5.886,5
9.086,100
8.201,100
4.895,2
5.041,5
5.259,2
5.079,5
4.81,2
8.216,100
4.867,2
9.182,100
7.001,50
5.646,1
4.948,2
4.954,2
4.799,2
8.472,100
5.087,1
5.205,2
5.594,5
6.964,50
6.708,50
5.236,2
9.058,100
5.988,5
10.285,100
5.164,2
5.099,1
5.114,5
4.679,1
5.27,5
9.804,100
4.811,1
5,1
7.33,50
6.928,50
7.615,50
4.865,1
8.521,100
8.453,50
6.708,50
9.294,100
6.931,50
5.111,5
10.229,100
5.128,2
5.398,2
6.93,50
7.164,50
8.046,100
4.93,2
7.393,50
4.99,2
8.406,100
5.419,5
8.851,100
5.29,1
5.464,5
6.218,2
4.939,2
5.453,5
4.852,5
5.988,5
4.588,2
4.684,2
4.64,2
4.918,2
4.646,2
4.732,5
7.039,50
4.664,1
5.061,2
5.236,1
5.173,1
5.161,5
9.478,100
4.802,2
4.776,1
5.209,5
5.385,1
8.715,50
5.368,1
6.041,2
8.307,50
5.025,5
5.003,2
5.686,5
9.2,100
5.242,1
8.836,100
4.728,2
5.378,1
5.043,2
9.896,100
5.433,1
9.079,100
9.229,100
5.109,5
6.033,5
8.876,100
8.636,100
5.441,1
6.8,50
5.395,1
4.66,1
9.504,100
5.277,1
4.881,2
8.167,100
5.521,5
4.875,2
8.727,100
8.714,100
4.726,1
4.889,2
5.617,5
10.069,100
4.68,1
6.447,50
8.167,50
6.676,50
7.641,50
6.625,50
4.972,1
6.865,50
6.563,50
4.763,1
8.447,100
8.945,100
6.598,50
8.299,100
4.717,5
4.671,2
5.103,5
5.001,2
6.63,50
5.726,2
10.043,100
5.296,2
8.093,100
7.846,50
6.604,50
8.459,100
4.713,1
7.213,50
8.094,50
8.693,100
4.872,5
5.324,1
4.826,2
5.682,2
5.856,5
6.9,50
5.53,1
5.171,1
5.468,5
8.425,100
9.086,100
4.946,2
6.146,5
6.6,50
10.334,100
5.062,2
5.184,2
5.483,5
5.128,2
5.233,5
5.083,1
4.767,1
5.233,2
6.879,50
4.861,2
8.889,100
4.967,1
6.496,50
5.626,1
8.854,100
7.144,50
4.826,5
4.729,2
5.251,5
5.072,2
4.82,5
6.711,50
6.763,50
4.916,5
5.426,5
8.527,100
4.713,1
8.238,100
5.591,2
5.368,5
5.658,5
5.438,5
5.429,1
4.944,5
8.31,100
8.575,100
8.921,100
7.334,50
5.131,5
7.542,50
5.488,1
4.795,1
5.341,2
5.857,5
9.09,100
5.344,1
4.577,2
4.724,1
4.731,2
4.861,5
5.04,1
4.859,5
5.385,5
4.741,2
5.756,2
5.652,5
6.484,50
8.946,100
5.27,5
5.09,2
4.72,2
7.852,50
5.579,2
8.222,100
8.361,50
5.142,2
5.092,2
5.087,5
8.107,100
6.629,50
4.814,2
8.347,100
4.828,5
5.623,5
4.766,2
7.196,50
4.909,5
4.735,1
5.341,1
5.012,2
4.861,5
6.826,50
6.542,50
8.473,100
4.781,2
8.815,100
5.108,1
4.951,5
5.129,5
5.478,2
4.685,2
4.638,1
5.324,2
4.936,1
5.049,1
4.742,1
5.911,2
5.255,2
4.581,1
5.126,2
5.316,2
5.764,5
9.063,100
4.804,1
5.323,5
7.237,50
5.354,5
9.108,100
4.685,1
8.861,100
6.298,5
4.614,1
9.394,100
6.941,50
6.073,2
5.223,5
5.53,5
6.737,50
4.749,2
6.464,50
8.194,100
5.407,1
9.23,100
4.724,2
5.12,5
4.713,2
5.686,1
8.715,100
7.306,50
8.861,100
6.544,50
5.307,5
6.859,50
5.055,5
9.157,100
5.565,2
5.148,1
8.107,100
4.811,2
4.986,2
8.502,100
5.016,2
8.116,100
5.134,5
6.745,50
7.005,50
5.147,2
5.335,5
8.405,100
4.988,5
7.113,50
6.293,50
5.119,1
8.332,100
5.218,2
6.838,50
5.219,1
6.679,2
5.519,1
7.734,50
5.279,5
5.115,5
5.124,1
8.672,100
6.32,50
4.936,1
8.708,100
8.207,100
4.994,1
5.447,1
8.3,2
4.968,5
4.672,1
6.504,50
4.867,2
5.249,5
5.169,2
5.002,2
5.82,2
4.998,1
8.138,100
10.533,100
4.704,1
5.08,5
4.913,5
8.131,100
4.723,1
4.949,2
5.195,1
5.681,5
5.753,5
9.12,100
5.171,2
5.096,2
8.127,50
5.539,2
6.062,5
6.13,2
5.293,1
9.179,100
5.724,5
5.051,2
8.495,100
5.759,5
4.992,5
5.262,1
4.924,5
5.694,5
8.616,100
6.982,50
4.87,2
7.4,50
8.181,100
5.224,2
8.366,100
4.926,5
4.838,2
9.055,100
9.098,100
9.522,100
5.409,2
5.129,5
8.787,100
5.607,1
5.377,5
5.057,1
4.99,5
4.932,2
8.831,100
7.104,50
4.641,2
7.386,50
4.901,5
6.691,50
5.17,1
5.048,1
7.272,50
5.197,1
5.015,5
5.698,5
7.442,50
8.841,100
4.814,2
5.853,2
4.954,1
9.884,100
5.466,5
5.345,1
5.106,1
6.713,50
5.07,1
7.007,50
4.865,2
4.912,2
8.598,100
5.344,2
7.581,50
8.507,100
5.251,1
5.069,5
10.134,100
4.542,1
5.562,5
5.247,2
6.562,50
5.347,1
8.345,100
7.069,50
8.321,100
8.769,100
5.095,2
5.796,5
5.014,5
5.235,5
5.37,5
6.781,50
5.067,1
4.754,2
5.313,2
6.493,50
5.571,1
6.551,50
6.135,5
7.068,50
5.041,2
4.541,1
4.991,2
4.985,2
5.545,2
6.512,50
5.399,1
4.696,5
6.629,50
5.067,1
5.042,2
4.736,1
5.153,5
5.855,5
9.452,100
5.152,2
5.043,2
9.965,100
7.509,50
4.867,1
7.39,50
4.646,1
10.161,100
5.993,5
9.203,100
5.164,5
8.097,50
6.683,50
5.569,5
8.207,100
8.571,100
8.666,100
4.734,5
5.432,2
6.662,50
7.434,50
5.053,2
5.532,5
5.016,5
5.651,2
4.847,2
4.999,1
4.849,5
5.209,1
5.059,1
5.114,1
6.612,50
5.204,1
10.344,100
6.81,5
6.231,5
4.624,1
5.157,2
5.132,5
5.111,1
5.27,5
6.201,1
4.813,5
5.249,5
9.229,100
5.356,5
6.36,2
5.287,1
7.373,50
6.368,50
8.212,100
5.199,5
8.186,100
5.183,5
6.55,50
5.529,5
10.12,100
4.885,1
9.796,100
5.758,5
5.467,2
6.968,50
9.587,100
9.237,100
5.118,2
7.212,50
4.787,2
8.329,100
4.694,1
9.045,100
7.749,50
4.922,5
5.369,2
5.575,2
4.75,1
5.107,2
6.348,5
8.459,100
5.607,5
6.95,50
8.343,100
5.758,1
5.544,2
5.042,5
4.853,5
7.265,50
4.569,2
9.209,100
4.707,2
4.642,2
6.719,50
4.692,1
5.059,5
4.835,5
4.915,2
4.849,5
4.948,5
7.055,50
5.011,1
5.682,1
4.906,5
4.779,1
5.245,1
8.911,100
6.511,50
6.556,50
5.084,1
8.667,100
4.611,2
4.75,1
9.297,100
5.418,1
4.798,1
5.144,5
5.458,5
8.892,100
5.795,5
7.099,50
5.42,2
5.48,5
7.48,50
7.979,100
5.137,5
8.569,100
6.371,50
4.788,5
4.91,5
4.982,2
4.776,2
9.827,100
7.595,50
10.255,100
5.087,5
5.121,1
7.765,50
4.855,1
5.278,1
9.569,100
5.333,2
4.854,5
5.007,1
6.645,50
5.227,5
5.871,5
6.72,50
4.981,2
5.221,5
5.409,5
6.881,50
4.969,5
8.121,100
5.218,1
5.202,5
8.479,100
5.107,5
4.716,1
5.508,1
5.612,1
5.46,5
8.497,100
5.046,2
5.178,5
5.155,1
8.733,100
6.785,50
8.656,100
4.624,2
5.065,2
7,50
4.782,1
6.654,50
4.805,5
4.797,1
8.789,100
9.668,100
5.243,5
5.693,2
5.005,5
5.117,1
6.975,50
5.4,2
4.936,2
6.897,50
5.638,1
4.768,1
8.363,100
4.581,2
7.087,50
4.63,1
7.605,50
6.437,50
6.53,50
4.61,2
9.27,100
4.834,2
5.518,5
9.179,100
8.701,100
6.638,50
5.091,2
4.721,1
8.533,100
5.431,2
4.771,1
5.079,5
5.431,5
4.736,1
8.467,100
6.537,50
4.816,1
8.571,100
7.106,50
5.234,5
5.603,5
5.386,5
5.15,5
4.696,1
4.853,5
5.002,1
8.733,100
6.924,50
4.839,2
5.127,2
4.665,2
5.263,5
5.046,1
5.237,5
5.329,5
5.912,5
4.753,2
5.044,2
8.409,100
5.383,2
5.007,5
6.945,50
8.086,100
4.561,1
6.691,50
8.539,100
5.073,2
8.458,100
9.05,100
5.122,1
9.519,100
9.513,100
5.044,5
8.381,100
4.649,2
8.478,100
5.031,2
5.609,5
6.602,50
9.62,1
5.012,2
9.532,100
4.842,1
5.08,5
5.098,5
8.251,100
9.486,100
6.913,50
5.121,5
9.169,100
8.049,100
10.248,100
7.164,50
5.576,2
8.825,100
5.472,2
5.414,2
5.32,1
5.439,2
5.655,5
7.986,100
5.041,1
4.696,1
4.914,5
5.123,5
4.624,2
5.141,2
5.78,1
8.769,100
8.729,100
5.023,2
6.883,50
9.158,100
8.339,100
8.546,100
5.416,5
9.374,100
4.913,2
8.237,100
7.641,50
9.373,100
5.018,5
7.378,50
8.432,100
4.568,2
9.194,100
6.941,50
6.322,50
12.063,50
4.699,5
5.366,5
4.923,2
8.396,100
7.637,50
4.74,1
5.005,1
5.594,1
6.61,50
5.034,5
8.379,100
7.451,50
5.166,1
7.141,50
5.083,2
5.243,1
5.307,5
6.968,50
4.925,2
5.043,2
4.884,1
5.039,1
7.379,50
4.757,5
5.699,2
5.339,2
5.141,5
4.868,2
5.419,1
7.167,50
7.387,50
4.917,2
5.794,2
6.926,50
5.232,5
5.161,2
6.959,50
8.022,50
5.105,2
4.862,2
6.817,50
8.803,50
5.295,1
5.693,2
4.862,5
4.541,1
5.771,2
6.673,50
4.659,1
4.654,2
6.632,50
6.372,2
7.893,50
5.28,2
5.135,1
5.252,2
6.048,5
4.975,5
5.757,1
4.944,2
4.693,1
5.042,2
4.91,5
5.196,2
6.678,50
5.223,2
6.946,50
4.791,1
5.333,5
5.302,1
4.956,2
7.759,50
5.283,1
4.885,5
5.356,1
5.352,2
4.986,1
5.087,1
5.012,1
6.863,50
5.487,1
6.81,50
4.994,1
7.146,50
5.308,2
5.198,2
5.264,2
7.341,50
6.229,2
5.648,5
5.119,1
5.07,2
5.734,2
5.225,1
5.353,2
4.977,5
7.384,50
6.962,50
5.323,5
7.198,50
6.972,50
4.85,5
7.132,50
4.656,2
5.086,1
5.362,2
4.948,2
5.319,2
7.123,50
5.003,1
5.397,1
6.861,50
5.372,2
4.826,5
5.635,2
4.808,2
5.179,5
4.983,2
4.737,1
4.859,5
4.885,2
5.138,1
5.227,5
5.042,5
5.062,5
6.592,50
5.308,2
8.16,50
8.332,50
4.686,2
4.86,1
5.113,5
6.054,5
5.344,5
5.332,2
5.224,1
5.315,1
4.917,2
6.424,1
7.177,50
4.972,5
5.403,1
7.61,50
4.935,1
5.293,5
5.383,1
4.898,2
4.838,1
6.853,50
4.781,2
6.677,50
5.177,5
5.164,2
5.164,1
5.104,5
7.405,50
4.921,1
6.709,50
5.622,5
4.904,1
6.899,50
5.649,5
4.914,1
5.233,5
7.151,50
7.498,50
6.324,50
5.967,2
5.565,2
4.942,1
5.175,2
7.025,50
6.62,50
4.551,1
4.78,1
7.508,50
6.335,2
4.943,2
5.895,2
5.306,2
6.749,50
6.658,50
4.842,1
5.183,1
6.996,50
5.086,1
7.811,50
4.917,1
7.135,50
7.225,50
5.008,2
4.618,2
4.92,2
5.013,2
4.535,1
5.458,2
6.659,50
6.77,50
4.958,1
4.671,2
7.307,50
5.025,2
7.47,50
5.207,1
4.798,2
4.896,1
4.942,2
4.904,2
5.499,2
5.176,1
6.669,50
4.772,2
5.268,1
5.09,2
4.69,1
5.669,1
7.538,50
4.833,2
4.684,2
5.689,2
5.194,1
5.234,2
4.769,2
4.781,1
5.147,2
4.579,1
6.649,50
5.125,1
7.906,50
5.163,1
7.383,50
7.879,50
6.503,50
4.734,1
5.013,1
7.207,50
7.491,50
4.767,1
5.24,1
7.777,50
4.657,1
7.479,50
7.148,50
5.537,1
5.14,1
6.786,50
5.873,1
6.907,50
7.07,50
6.346,50
4.945,1
6.469,50
4.794,1
6.861,50
6.839,50
4.615,1
6.788,50
6.986,50
4.55,1
6.558,50
6.929,50
6.029,1
6.944,50
4.954,1
6.684,50
5.339,1
4.849,1
6.712,50
6.306,50
4.848,1
6.557,50
4.802,1
6.511,50
6.948,50
4.892,1
4.596,1
6.612,50
4.757,1
4.782,1
6.617,50
5.114,1
7.14,50
4.868,1
6.473,50
6.32,50
6.952,50
6.836,50
4.533,1
6.62,50
6.636,50
4.546,1
7.247,50
6.878,50
6.843,50
4.824,1
4.843,1
4.842,1
5.183,1
4.612,1
4.796,1
6.616,50
4.936,1
7.191,50
5.204,1
4.767,1
5.543,1
6.633,50
5.707,1
4.761,1
4.737,1
5.01,1
4.837,1
4.924,1
6.844,50
5.01,1
5.271,1
7.55,50
6.343,1
4.841,1
5.648,1