2.339,50
1.747,1
5.639,0
1.455,0
1.497,0
2.104,50
2.848,100
2.637,50
1.442,2
2.312,50
2.179,50
1.601,0
1.328,0
3.774,100
2.151,50
1.404,1
1.739,5
1.742,0
1.94,2
1.916,2
1.814,1
3.228,100
2.359,50
1.503,2
3.171,100
1.482,5
1.538,1
1.832,5
1.865,0
1.923,5
1.502,5
2.865,100
1.492,5
1.633,0
1.433,1
1.517,2
3.096,50
1.426,0
1.818,0
1.783,2
3.464,100
1.644,1
1.656,0
1.851,1
1.666,0
1.372,2
1.538,2
1.801,5
2.12,50
1.631,2
1.903,5
1.901,0
2.31,50
1.484,5
2.222,50
1.581,1
2.973,100
1.835,2
1.465,1
2.893,100
2.705,100
1.487,1
1.772,0
1.672,1
2.093,1
1.75,2
1.517,0
1.412,1
1.376,1
1.815,5
1.503,1
1.359,0
2.765,100
1.638,0
1.658,5
1.894,0
2.479,50
1.74,5
1.77,0
2.117,50
2.44,50
1.721,1
1.661,0
2.147,50
1.617,2
3.168,100
2.117,50
2.271,50
1.486,0
1.714,0
1.636,1
1.851,5
1.791,0
1.637,0
2.938,100
1.752,5
1.743,5
1.986,5
2.908,100
2.85,100
1.625,2
1.855,0
1.548,2
2.724,100
1.84,5
1.508,1
2.28,50
1.851,2
1.595,0
1.969,2
3.268,100
1.436,0
1.42,0
2.599,50
2.053,50
1.822,2
3.033,100
2.646,100
1.757,5
1.821,0
2.903,50
3.173,100
1.566,0
3.054,100
1.571,0
1.777,1
1.449,1
1.371,1
2.965,100
1.672,0
1.916,1
2.15,1
1.495,5
1.609,5
1.383,0
1.449,5
2.468,50
1.364,0
1.88,5
2.195,50
1.447,2
1.684,5
1.377,1
1.461,5
1.517,5
1.701,1
1.492,0
1.476,2
1.557,0
2.799,100
1.678,0
2.582,50
2.587,50
2.538,50
1.55,2
2.706,100
1.551,0
1.471,0
1.872,0
2.086,50
1.446,0
3.31,100
1.979,5
1.553,5
1.634,2
2.162,50
1.555,5
2.349,50
1.589,5
2.903,100
1.393,0
2.129,50
1.572,5
2.786,100
2.995,100
1.665,0
1.498,1
1.325,0
2.718,100
1.455,1
2.759,100
2.815,100
2.718,100
1.628,0
1.557,5
1.531,1
1.654,0
1.536,1
1.701,2
2.056,0
1.441,5
1.509,2
1.425,1
2.179,50
2.166,50
1.409,0
1.432,1
1.526,1
1.453,0
1.44,0
1.35,0
2.777,50
2.215,50
1.688,0
2.839,100
1.436,0
1.579,0
1.682,0
2.813,100
1.563,5
2.644,100
1.5,1
1.576,0
1.598,1
2.055,0
1.534,1
1.519,5
3.258,100
3.187,100
1.443,5
1.47,1
1.583,0
1.373,0
1.614,0
1.409,2
1.505,5
2.466,50
1.565,5
2.279,50
1.724,5
1.736,1
2.166,50
1.576,0
1.835,0
1.414,0
1.706,0
2.562,50
1.425,5
1.315,0
1.652,2
2.769,100
1.752,2
1.615,1
1.499,5
3.633,100
1.43,0
2.555,50
1.474,0
1.417,5
1.599,0
2.749,100
1.483,5
1.509,2
1.612,5
1.491,2
2.498,50
1.816,1
1.421,0
1.441,1
1.925,5
1.428,0
1.701,2
1.496,0
1.429,1
2.462,50
1.633,0
1.642,1
1.741,0
1.397,0
1.969,5
2.05,5
2.135,50
1.392,0
1.618,1
1.583,0
2.103,50
1.436,5
1.507,5
1.887,2
1.465,5
1.526,5
1.462,1
1.477,2
1.373,0
2.958,100
1.697,5
2.092,2
2.28,50
2.245,50
1.622,0
3.248,100
1.434,0
1.538,5
1.796,0
2.774,100
1.366,0
1.486,1
2.9,100
1.636,0
1.439,2
1.715,0
1.705,0
1.888,2
2.12,50
1.666,0
2.814,100
1.363,0
1.42,1
1.426,5
2.402,50
2.131,50
2.877,100
1.54,1
1.814,5
2.024,1
1.497,5
2.999,100
2.133,0
2.155,50
1.484,2
2.136,1
1.653,5
1.453,1
1.951,2
1.418,0
1.699,1
1.832,5
2.163,50
1.665,0
2.199,50
2.493,50
2.211,50
2.874,100
2.225,50
1.629,0
1.58,5
1.82,0
1.819,5
1.82,0
2.014,2
1.957,0
1.624,2
2.804,100
1.442,1
1.391,1
2.366,50
2.816,100
1.686,2
3.176,100
1.807,2
2.945,50
1.398,2
2.727,100
1.443,1
1.331,0
1.451,5
2.179,50
1.346,0
2.847,100
1.465,0
1.838,2
2.072,5
1.65,5
1.717,1
1.542,2
1.461,0
1.71,2
1.34,0
1.81,0
2.124,50
1.598,1
1.331,0
1.671,0
3.289,100
1.811,0
1.579,5
1.495,2
2.426,50
1.351,0
1.371,0
1.447,2
1.367,0
2.704,100
2.168,50
1.505,2
1.471,2
2.813,100
3.164,100
2.146,50
1.486,5
3.165,100
1.517,5
2.704,100
1.382,0
1.71,0
1.852,0
1.624,0
1.853,5
1.604,0
1.609,0
1.435,0
1.847,2
3.35,100
1.675,0
1.489,1
1.437,1
1.476,1
2.102,0
1.542,2
2.054,1
1.535,2
1.352,0
2.433,50
1.642,1
1.668,5
1.476,5
1.43,2
1.738,0
1.666,0
1.534,0
2.307,50
1.609,1
1.62,0
2.011,5
1.815,2
2.478,50
1.416,0
3.093,100
3.142,100
1.681,1
1.495,5
1.651,1
1.455,0
1.442,1
2.774,100
1.614,0
1.378,0
1.415,0
1.781,0
2.682,100
1.481,2
1.448,0
2.269,50
1.495,5
1.513,1
1.427,0
1.912,5
1.869,5
2.411,50
1.728,1
2.934,100
2.15,50
1.539,2
2.905,100
1.715,0
1.843,5
1.765,2
1.412,1
1.498,2
2.709,100
1.515,2
1.413,2
1.786,5
1.555,5
3.051,100
1.736,0
2.101,5
1.877,1
1.763,1
1.72,2
1.801,5
2.997,100
2.78,50
2.923,100
2.537,50
1.778,0
2.816,100
1.781,1
1.783,2
1.657,0
3.336,100
1.425,5
1.342,0
1.602,1
1.434,5
2.835,50
2.139,50
2.02,2
1.447,2
1.422,5
1.397,0
1.67,0
1.903,5
1.959,0
2.257,50
1.443,0
2.693,100
1.526,2
1.382,0
1.433,1
1.374,0
2.835,100
1.749,0
1.512,1
1.952,2
1.625,0
1.459,1
3.108,100
1.499,5
2.449,50
1.682,5
2.816,100
1.526,5
2.576,50
1.518,1
1.789,5
1.62,1
1.689,0
3.587,100
1.852,2
1.645,2
1.634,0
1.817,5
1.432,0
3.209,100
3.022,100
1.419,0
1.562,0
1.483,0
1.661,1
1.638,0
1.903,5
1.616,1
2.675,100
1.415,2
1.451,0
2.81,50
1.614,1
2.884,100
1.552,0
2.219,0
1.596,0
1.435,5
1.561,0
1.734,2
1.419,0
2.195,50
2.777,100
1.629,1
1.334,0
1.443,2
2.13,50
3.401,100
1.855,2
1.455,1
1.663,5
1.81,0
2.291,50
2.067,2
2.784,100
1.432,1
1.484,0
1.612,2
1.33,0
2.272,50
2.192,0
2.954,100
2.58,50
1.567,2
1.424,2
2.887,100
1.999,5
3.104,100
1.451,1
1.446,1
1.422,1
2.665,100
1.366,0
1.395,1
2.172,0
1.493,1
1.472,0
1.668,0
1.947,0
1.689,5
2.964,100
1.789,2
2.439,50
2.713,100
1.47,5
2.791,100
2.049,2
2.192,50
2.476,50
1.331,0
2.148,50
3.006,100
1.702,0
1.751,1
2.904,100
1.581,2
1.589,5
2.423,50
1.507,5
1.646,1
1.442,2
1.429,5
1.471,1
2.689,100
1.543,5
1.376,0
1.654,1
1.548,2
1.51,2
1.656,0
1.768,5
3.071,100
2.727,50
1.447,2
1.619,1
2.853,100
2.305,50
1.398,0
1.578,2
1.37,0
1.438,1
1.45,0
1.742,0
1.762,0
2.233,50
1.714,1
2.36,50
2.104,50
1.703,5
1.538,0
2.218,50
2.156,50
1.536,5
2.263,50
2.781,100
1.669,1
1.808,0
1.796,0
3.061,100
2.752,100
3.206,100
1.944,1
1.994,5
1.525,5
1.361,0
1.914,0
1.594,5
1.851,0
2.208,50
2.893,100
1.818,1
2.011,1
2.871,100
1.512,5
1.854,5
1.441,5
1.545,5
1.655,0
2.197,50
1.595,1
1.803,2
1.491,2
1.842,2
3.068,100
1.872,0
2.401,50
1.922,0
2.751,100
1.767,0
1.883,2
1.483,0
1.672,5
1.487,1
1.386,1
2.157,50
2.186,50
1.532,0
1.575,5
1.425,0
1.565,0
1.56,0
1.411,5
1.559,0
1.743,0
2.021,0
2.473,50
1.561,1
1.677,5
1.374,0
1.847,5
1.526,5
1.517,0
1.687,0
2.29,50
2.141,50
2.703,100
1.481,1
3.003,100
1.309,0
1.805,2
1.422,0
1.755,2
1.595,0
1.45,1
1.492,0
1.79,5
1.588,2
1.568,2
3.415,100
1.438,1
2.827,100
1.454,2
1.408,0
3.09,100
1.445,2
2.226,50
1.652,5
1.697,0
2.8,100
1.468,1
1.391,0
1.576,5
1.582,5
2.307,50
1.514,0
1.542,2
2.933,100
1.566,5
1.564,5
3.037,100
1.559,2
1.57,5
1.499,2
2.434,50
1.67,5
1.445,5
1.759,2
1.718,2
1.806,0
1.944,2
1.379,0
3.147,100
1.381,0
2.3,50
2.089,50
1.46,1
3.418,100
2.81,100
3.124,100
3.249,100
1.354,0
1.349,0
1.736,5
1.891,5
1.557,2
1.748,1
1.49,0
2.19,50
1.403,1
1.421,0
2.141,50
2.888,100
2.754,100
1.515,5
1.599,1
1.464,2
1.552,5
1.737,0
1.794,5
1.66,0
1.747,2
2.431,50
1.59,5
1.803,0
2.784,100
1.535,1
2.132,50
2.772,100
2.305,50
1.453,1
1.581,0
1.712,0
1.492,5
1.447,2
1.448,2
2.253,50
1.414,0
1.382,0
1.437,1
1.612,0
1.505,5
1.877,0
1.889,2
1.423,0
2.153,50
1.748,0
2.251,50
1.407,1
1.918,5
1.866,0
1.611,5
1.386,0
1.556,0
1.721,0
1.736,0
1.458,1
1.397,0
1.437,2
1.724,5
1.399,0
1.396,0
1.78,1
1.435,0
1.501,0
1.654,1
3.369,100
1.733,0
1.573,0
2.228,50
1.567,0
1.657,0
2.096,50
1.792,5
2.884,100
2.094,50
1.403,0
3.071,100
1.808,0
1.58,0
2.36,50
1.579,0
2.422,50
1.361,0
1.463,2
1.49,2
2.336,50
2.289,50
2.835,100
1.685,0
1.528,5
2.604,50
1.842,0
2.908,100
1.489,1
1.666,5
1.832,0
1.576,1
1.459,0
1.873,5
2.208,50
1.664,2
1.836,0
1.477,2
1.826,0
1.785,2
1.599,0
1.418,0
1.611,0
1.819,1
1.772,0
2.794,100
2.597,50
2.732,100
1.495,5
2.774,100
1.588,0
1.457,5
1.554,0
2.97,100
1.53,2
2.316,50
1.593,0
3.536,100
1.936,1
1.434,2
1.429,0
1.501,0
1.343,0
1.436,0
1.447,1
1.486,5
2.41,50
1.365,0
1.644,0
2.115,50
1.78,2
1.79,0
2.947,100
2.067,50
6.854,100
1.58,2
1.459,1
2.735,100
2.13,50
1.556,0
1.439,5
1.48,1
1.736,0
2.473,50
2.307,50
1.637,2
1.866,2
1.65,0
2.531,50
1.487,2
1.667,0
1.57,0
2.189,50
2.697,100
1.379,2
1.443,0
1.671,0
1.55,1
1.482,0
1.578,0
1.406,0
2.877,100
1.39,0
1.446,1
1.462,1
1.747,5
2.726,100
1.416,0
1.88,0
2.968,100
1.577,1
2.135,50
1.404,0
2.857,100
1.659,5
1.44,0
1.604,2
1.34,0
1.492,1
1.318,0
1.457,1
1.967,5
1.452,0
1.566,0
1.624,0
2.724,100
2.714,100
1.549,0
2.095,50
1.343,0
2.41,50
2.212,50
1.645,0
2.399,50
2.707,100
1.628,5
2.799,100
1.464,2
1.48,1
2.163,50
2.103,50
2.773,100
2.933,100
1.597,0
1.453,2
2.236,50
2.819,100
1.614,0
1.586,2
2.209,50
2.925,100
1.369,0
1.514,0
1.526,5
1.347,0
2.247,50
2.702,100
1.501,0
1.445,0
1.376,0
1.479,0
1.48,0
1.84,0
1.334,0
1.342,0
1.549,2
3.005,100
1.656,5
1.68,0
2.029,0
2.149,50
1.482,5
1.577,5
1.549,2
1.375,1
1.331,0
2.155,50
2.959,100
1.614,5
2.979,100
1.58,2
2.482,50
2.868,100
1.868,0
2.718,100
2.375,50
2.75,100
2.192,50
2.875,100
2.776,100
1.732,0
1.498,0
1.729,0
1.413,0
1.432,0
2.738,100
1.534,0
1.574,1
1.813,2
1.539,5
2.926,100
1.527,0
2.25,50
2.756,100
1.538,1
1.67,0
1.772,5
1.633,0
2.589,50
1.859,0
1.799,5
1.66,5
1.441,5
2.274,50
2.191,50
1.778,2
2.945,100
2.496,50
1.791,2
1.606,0
1.804,0
1.615,1
2.934,100
2.197,50
2.229,50
1.462,2
1.784,5
1.713,0
1.52,0
1.399,1
2.257,50
1.577,5
2.6,50
1.493,1
1.711,0
1.605,0
1.491,2
1.363,0
1.517,1
1.598,2
2.643,50
1.506,5
1.525,5
1.618,1
2.439,50
1.494,5
1.974,0
2.312,50
2.375,50
1.73,0
1.428,0
1.507,5
2.763,100
1.659,0
1.954,2
1.619,0
3.425,100
1.434,5
2.883,100
2.476,50
1.764,0
1.531,5
1.411,2
2.123,50
2.896,100
1.363,0
1.904,5
1.423,2
1.771,0
2.374,50
1.396,1
2.297,50
2.701,100
3.022,100
2.84,100
1.652,5
1.695,5
1.758,1
2.111,50
1.587,2
3.014,100
1.761,2
1.606,2
1.578,0
1.716,2
1.42,2
1.81,2
1.451,5
2.589,50
1.733,5
1.553,1
1.613,1
1.412,5
2.748,100
1.509,5
2.072,50
1.775,1
2.867,100
1.584,2
1.737,0
2.517,50
1.495,2
1.505,5
1.41,0
1.494,5
1.523,0
1.4,1
1.71,1
1.702,0
1.663,0
2.831,100
1.569,0
2.355,50
3.165,100
1.507,5
1.385,0
2.455,50
1.376,2
1.477,1
1.528,2
1.49,0
1.513,2
2.225,50
2.55,50
1.467,0
1.809,1
2.357,50
1.557,5
1.335,0
2.732,100
1.382,0
1.519,5
1.731,0
2.192,50
1.43,1
1.363,0
1.899,0
2.223,50
1.387,0
1.501,0
1.526,5
2.074,50
2.453,50
1.373,0
2.737,100
1.606,1
1.525,5
2.429,50
1.466,5
1.492,2
1.794,2
1.443,5
1.78,1
1.509,2
2.436,50
3.61,100
2.143,50
1.563,0
1.428,2
1.522,1
2.684,100
1.471,2
2.26,50
1.516,1
2.797,100
1.576,0
2.19,50
1.688,0
2.397,50
2.772,100
1.726,2
1.498,0
3.062,100
1.821,5
1.94,0
2.219,50
1.385,0
1.6,0
2.148,50
1.502,1
1.537,2
1.447,5
1.9,5
2.23,50
3.153,100
2.679,50
1.455,2
1.45,5
1.42,2
2.712,100
2.964,100
1.634,1
2.623,50
1.438,2
1.598,5
2.481,50
1.474,0
2.274,50
1.486,0
1.599,0
1.6,2
1.543,0
1.628,0
2.177,50
2.173,50
2.287,50
3.69,100
1.39,0
1.643,0
1.578,5
1.501,5
1.449,2
1.759,0
1.352,0
1.644,1
1.936,5
2.427,50
1.535,0
1.516,0
1.561,1
1.819,0
1.368,0
1.437,1
1.452,0
3.293,100
2.165,50
1.562,1
1.69,2
1.569,0
2.411,50
1.503,2
1.438,0
1.584,2
2.779,50
2.95,100
2.972,100
3.015,100
2.764,100
1.417,1
1.353,0
1.516,5
1.585,1
1.558,0
1.681,0
2.758,100
2.778,100
2.413,50
2.572,50
1.495,5
2.165,50
1.562,5
3.11,100
1.668,5
1.67,1
1.501,1
1.793,2
3.063,100
2.86,100
2.191,50
2.267,50
2.742,100
1.695,5
2.981,100
2.193,50
1.414,0
1.716,0
1.79,0
1.593,5
1.708,2
1.407,0
1.413,0
2.082,1
1.497,2
1.463,1
1.753,5
2.475,50
1.579,2
1.916,0
1.682,0
3.078,100
1.83,5
1.669,0
1.504,5
3.065,100
1.816,5
1.476,2
2.691,100
1.502,1
1.761,0
2.454,50
1.803,1
1.729,2
1.629,1
1.441,1
1.401,1
2.524,50
1.662,5
1.771,5
1.464,1
1.582,2
1.751,0
2.309,50
1.495,2
3.359,100
1.451,0
1.688,0
1.715,2
1.608,1
1.559,5
1.446,0
2.208,50
1.504,5
1.489,2
1.312,0
1.761,1
1.577,0
2.262,50
2.88,100
3.088,100
1.64,2
1.885,0
1.766,2
1.764,5
2.038,50
1.455,0
1.73,0
1.837,1
1.527,1
1.362,0
1.622,2
2.112,50
1.715,1
1.806,2
1.638,5
1.488,2
1.856,5
1.399,2
1.975,2
1.495,1
1.429,2
1.44,2
2.176,50
2.728,100
2.991,100
2.33,50
1.881,0
2.764,50
1.823,5
1.417,2
1.644,1
1.662,0
2.132,50
1.581,0
2.235,50
1.554,1
1.769,0
1.812,5
2.31,50
1.333,0
1.45,1
1.744,0
2.464,50
2.736,100
1.456,2
2.804,100
2.741,100
2.37,50
1.427,1
2.216,50
1.517,5
1.672,5
1.831,0
1.844,5
1.669,1
1.641,1
1.529,2
1.814,1
1.821,1
1.362,0
1.409,0
1.624,5
2.203,50
2.336,50
1.372,0
1.334,0
1.818,1
1.584,5
1.59,2
2.6,50
2.157,0
1.377,0
2.095,50
1.532,0
1.618,0
1.876,1
1.595,0
1.766,0
2.064,2
2.755,100
1.839,5
1.616,5
2.123,0
1.451,5
1.464,1
1.824,0
1.807,5
1.759,5
1.817,1
1.493,1
2.455,50
2.153,50
1.525,5
1.673,5
1.885,0
1.943,5
1.477,0
1.846,5
1.962,5
1.474,2
1.498,2
1.532,2
1.653,1
1.82,1
1.419,1
1.532,1
2.434,50
2.17,50
2.402,50
1.385,0
1.748,2
1.719,5
1.711,1
2.93,100
1.737,1
1.34,0
1.696,1
1.744,0
1.86,1
2.958,100
2.689,100
1.659,5
1.364,0
1.348,0
1.71,1
2.287,50
1.738,1
3.186,100
1.699,2
1.893,0
1.464,1
1.738,0
2.522,50
2.793,100
2.976,100
2.92,100
1.507,0
3.286,100
1.481,1
2.186,50
1.922,0
1.928,5
1.452,0
3.154,100
1.65,0
2.862,100
1.691,5
1.818,0
1.812,5
1.414,0
2.182,50
1.474,0
1.505,5
2.497,50
1.409,0
1.447,1
3.104,100
1.66,2
2.212,50
1.723,0
1.681,2
1.93,2
1.559,5
1.478,2
2.413,50
2.25,50
1.654,0
2.806,100
2.808,50
1.678,0
1.957,0
1.411,0
1.823,2
3.128,100
1.81,5
1.495,1
1.705,1
2.683,50
1.499,1
1.43,0
1.662,0
1.908,0
1.803,0
1.556,2
2.389,50
1.752,2
2.132,50
1.407,0
1.765,0
3.067,100
1.74,1
1.681,1
2.923,100
1.38,2
1.464,0
1.851,5
3.088,100
1.314,0
1.689,5
2.944,100
2.951,100
1.675,2
1.681,0
1.634,0
1.432,1
1.935,0
2.481,50
1.416,0
1.704,5
2.805,100
1.75,1
1.835,1
1.442,0
1.671,0
1.612,0
1.731,0
2.221,50
1.379,0
2.507,50
1.827,0
1.801,1
1.727,0
2.254,50
2.714,50
2.713,100
1.494,0
1.411,2
1.802,2
1.532,2
1.397,0
1.547,2
2.314,50
1.593,5
1.628,0
1.521,5
1.473,1
1.41,0
1.688,0
1.43,1
2.797,100
1.439,1
1.449,2
1.507,5
1.702,0
1.445,0
2.743,100
1.375,0
1.54,0
1.889,0
2.233,50
2.288,50
2.751,100
1.732,0
2.146,50
1.387,0
1.752,2
1.655,0
1.734,1
2.727,50
1.666,1
1.748,5
1.487,5
1.592,5
1.725,0
1.633,2
1.445,0
1.645,0
1.542,2
2.72,100
3.084,100
1.673,5
1.883,5
1.765,2
1.808,2
1.454,0
3.465,100
2.755,50
1.606,5
1.364,0
2.781,100
1.398,0
1.508,0
1.443,2
1.598,0
1.599,5
1.431,0
1.562,5
1.679,5
1.455,1
1.617,0
1.738,0
3.071,100
1.475,1
1.935,1
1.924,1
3.159,100
1.468,0
2.695,100
1.387,0
1.779,2
1.715,5
1.485,5
1.478,2
2.397,50
1.771,1
2.705,100
1.765,1
1.776,1
3.126,100
2.883,100
3.08,100
2.275,50
2.783,100
1.393,0
2.644,50
1.852,5
1.808,1
1.86,0
2.213,50
1.844,5
1.405,0
2.512,50
1.636,0
2.139,50
1.813,2
1.723,0
1.449,5
1.797,1
3.215,100
1.752,0
1.939,0
1.793,2
1.742,0
3.059,100
1.443,2
1.744,1
1.522,5
2.162,50
1.628,1
1.765,5
1.353,0
1.55,5
1.816,2
3.052,100
1.602,5
2.021,0
1.594,0
1.399,0
1.831,1
1.718,5
1.536,5
2.191,50
1.465,1
1.811,5
1.444,1
1.535,5
1.509,5
1.373,0
2.72,100
2.363,50
1.685,1
1.45,0
3.391,100
1.865,0
2.386,50
3.031,100
2.292,0
1.588,2
2.644,50
2.469,50
2.52,50
1.659,5
1.451,2
3.066,100
1.499,5
2.892,100
3.073,100
1.746,2
1.716,0
2.701,100
1.455,2
2.367,50
1.436,0
1.747,5
1.487,2
1.486,0
1.696,0
2.081,50
1.736,1
1.704,0
3.188,100
1.542,0
1.456,1
2.765,100
1.607,0
2.911,100
1.643,1
2.156,50
1.559,0
3.143,100
1.453,5
2.374,50
1.692,0
1.454,1
1.855,0
1.482,0
1.331,0
1.379,0
1.808,1
1.535,0
1.62,5
2.44,50
2.731,100
2.083,50
1.483,0
1.435,0
1.478,2
2.126,50
1.429,5
1.426,5
2.823,100
1.331,0
1.461,1
1.71,2
2.215,50
1.697,2
1.529,5
2.179,50
1.372,0
1.415,0
1.513,5
1.423,0
1.594,0
2.863,50
1.456,1
1.955,0
1.602,2
1.507,1
1.611,5
1.796,1
1.647,0
3.092,100
2.675,100
1.594,2
1.519,1
1.457,2
2.367,50
1.572,2
2.218,50
1.542,1
1.484,2
1.452,1
3.181,100
1.651,0
1.381,0
1.46,2
1.725,1
1.407,0
2.414,50
1.445,1
1.84,1
1.663,0
2.182,50
1.704,0
3.034,100
1.672,2
1.789,1
1.479,1
1.837,5
1.791,0
1.469,1
1.477,1
1.549,5
1.963,0
1.802,2
2.723,100
1.643,1
1.391,1
1.886,0
1.928,0
1.473,2
1.434,0
2.915,100
1.478,5
1.513,5
1.359,0
1.355,0
2.755,100
2.691,50
1.728,0
1.464,5
2.971,100
1.405,2
2.564,50
3.093,100
1.485,0
1.341,0
1.587,0
2.646,50
1.907,2
1.44,2
1.706,0
3.562,100
1.844,1
1.674,0
2.5,50
3.097,100
2.543,50
1.678,2
2.495,50
3.173,100
2.765,100
2.882,100
1.358,0
1.887,1
1.522,5
1.436,2
2.363,50
1.674,1
2.846,100
1.596,2
2.114,50
1.785,0
1.811,1
1.407,1
1.385,1
1.582,0
1.32,0
1.521,2
1.371,0
1.59,1
1.47,2
1.847,2
2.979,100
1.899,0
1.401,0
2.169,50
1.514,2
1.425,0
1.791,0
1.525,0
2.213,5
2.545,50
1.534,0
1.676,2
2.379,50
1.892,5
1.485,0
1.609,5
1.453,0
1.495,2
1.631,0
1.702,0
1.376,2
1.518,0
1.829,0
1.447,1
1.623,2
2.388,50
1.687,5
3.09,100
1.524,0
2.165,50
1.59,0
1.435,1
1.452,0
1.546,0
1.649,0
1.407,0
2.049,0
1.65,2
1.647,1
3.537,100
2.104,5
2.257,50
1.378,0
1.584,1
1.523,1
2.823,100
1.599,5
1.746,0
2.446,50
1.966,5
1.526,1
2.882,100
1.442,1
1.785,1
1.574,2
1.84,5
1.657,5
3.062,100
2.792,100
2.349,50
1.466,0
1.572,0
1.836,5
1.661,0
3.23,100
1.453,0
1.525,5
1.731,0
1.922,0
1.872,0
1.532,0
1.733,0
1.7,0
2.471,50
1.582,0
1.927,1
2.285,50
1.344,0
1.685,5
1.593,5
1.72,1
1.826,5
2.985,100
1.806,1
3.266,100
1.458,2
1.72,2
1.934,5
1.897,2
1.422,0
2.439,50
1.717,1
1.745,1
1.528,5
2.269,50
1.516,5
1.465,1
3.034,100
1.453,2
1.385,0
1.431,2
2.404,50
1.543,0
1.616,1
1.616,5
1.517,5
1.569,5
3.137,100
1.604,5
2.824,100
1.933,0
2.793,100
2.738,100
1.555,0
1.515,1
1.575,0
1.414,2
1.872,0
1.543,1
1.408,0
1.955,1
1.366,0
1.82,1
2.411,50
1.496,0
1.383,0
1.942,5
1.727,2
1.557,5
1.461,5
1.697,2
1.823,1
2.937,100
1.535,0
2.949,50
1.521,0
3.252,100
1.378,0
1.578,1
1.529,1
1.975,1
2.271,50
1.637,0
1.452,5
1.641,5
1.809,0
1.67,2
1.593,5
2.225,50
1.503,1
1.901,1
1.859,5
2.249,5
1.847,1
1.446,5
1.668,2
1.506,1
2.274,50
1.583,5
1.577,5
1.831,5
1.443,1
1.718,2
1.966,0
1.514,2
2.2,50
1.367,0
1.357,0
1.729,5
1.767,0
1.53,0
3.065,100
1.462,1
2.056,50
1.804,5
3.247,100
2.172,50
1.539,1
1.737,5
1.436,5
2.049,1
1.609,0
1.514,1
2.915,100
1.471,0
1.539,5
2.176,50
1.716,5
1.681,0
2.832,100
3.016,100
1.757,0
2.112,50
2.036,2
1.552,0
1.6,5
3.032,100
2.751,100
1.486,1
1.582,0
1.473,2
1.368,0
1.338,0
2.273,50
1.514,1
1.877,2
1.544,0
1.891,0
1.647,0
1.719,0
1.823,1
1.597,2
1.405,0
1.525,5
2.732,100
1.542,5
1.472,1
2.134,50
2.308,50
2.32,50
1.605,2
1.609,0
1.509,0
1.423,0
2.092,0
1.381,0
2.158,50
2.938,100
1.41,5
1.776,5
1.475,1
1.382,1
2.735,100
2.574,50
1.678,1
1.933,0
1.388,0
1.393,1
1.402,2
2.783,100
1.706,2
2.184,50
1.588,1
1.78,0
1.47,0
1.539,5
1.823,5
2.904,100
1.564,5
1.442,0
2.19,50
1.532,0
1.88,5
1.51,0
1.672,0
1.883,5
1.632,5
3.487,100
2.058,2
1.834,0
1.718,5
1.749,2
2.171,50
1.441,0
1.704,0
2.14,50
3.605,100
1.413,1
3.144,100
1.501,2
1.719,2
1.475,2
3.063,100
2.579,50
1.531,5
2.462,50
1.568,5
2.091,50
2.132,50
2.201,50
1.501,5
1.513,0
2.067,1
1.455,0
2.744,100
1.868,0
3.119,100
2.978,100
1.645,1
1.372,0
3.163,100
2.913,100
2.981,100
3.078,100
1.407,1
1.62,2
1.554,5
1.511,2
3.039,100
1.528,2
1.483,5
1.484,2
1.46,5
1.7,0
2.496,50
2.568,50
1.691,5
1.478,1
1.492,2
1.39,1
2.825,100
1.669,0
2.797,100
2.379,50
2.176,50
2.848,100
1.911,5
1.891,1
1.942,5
1.97,0
1.554,0
2.1,0
1.814,2
1.831,5
1.973,5
1.721,0
1.71,0
2.605,50
1.741,2
1.697,0
1.391,0
1.797,5
1.668,0
3.184,100
1.528,2
1.343,0
1.994,2
1.516,0
1.521,2
1.765,1
1.604,0
1.849,5
1.883,0
2.265,50
2.197,50
3.064,100
1.946,0
1.692,0
1.585,0
2.699,100
1.619,1
2.735,100
1.61,5
1.899,0
1.455,5
2.037,2
1.417,0
1.456,5
1.803,5
1.557,5
2.817,100
2.2,50
2.806,100
1.405,1
1.573,5
1.46,1
1.419,1
1.871,0
1.813,0
1.8,0
2.761,100
1.522,0
1.541,0
3.064,100
1.818,2
1.705,1
2.715,100
1.482,0
1.623,0
1.729,1
1.485,5
2.129,2
2.603,50
2.309,50
1.582,0
1.578,2
1.517,0
1.667,5
1.535,5
2.76,100
1.453,0
1.496,5
1.482,2
2.166,50
1.55,5
1.431,0
2.451,50
1.801,0
2.174,50
1.503,0
1.801,0
1.376,0
1.885,0
2.78,100
1.784,2
1.68,2
2.994,100
1.593,2
2.687,100
1.478,5
2.732,100
2.389,50
1.739,5
2.167,50
2.734,100
1.359,0
3.268,100
2.104,50
1.356,0
1.703,5
2.713,100
2.149,50
1.782,0
2.698,100
2.767,100
1.714,1
1.63,1
1.342,0
1.707,0
1.392,0
2.73,100
2.205,50
1.798,2
1.597,0
1.463,0
2.83,100
2.462,50
1.726,5
3.103,100
1.749,2
1.447,1
1.579,1
3.037,100
1.649,1
1.796,5
1.812,1
1.387,1
3.565,100
2.125,50
1.81,2
1.698,5
3.307,100
1.657,0
1.791,0
2.442,50
2.155,50
1.896,0
1.614,2
1.526,0
3.015,100
1.427,1
1.432,5
2.631,50
1.717,0
1.479,0
3.434,100
1.462,1
1.51,2
1.422,2
1.604,0
1.55,0
1.513,5
1.471,2
1.595,2
1.634,0
1.671,0
1.408,0
1.513,5
1.356,0
1.787,5
1.822,0
1.347,1
1.835,2
1.354,0
1.719,0
1.675,2
1.349,0
2.717,100
1.429,1
1.366,0
1.512,5
1.528,2
1.721,5
1.431,0
1.688,0
1.63,0
1.789,5
1.504,5
1.496,5
1.49,5
1.473,5
1.445,2
1.389,0
2.116,50
1.372,0
1.588,2
2.952,100
1.485,5
2.733,100
2.08,50
1.867,5
3.058,100
1.588,0
1.827,2
2.409,50
1.912,5
1.68,1
2.063,0
2.789,100
1.729,5
1.491,0
1.463,0
3.148,100
1.69,0
1.475,2
3.16,100
1.912,0
3.383,100
2.006,2
2.972,100
1.371,1
1.512,5
1.645,5
1.821,0
2.907,50
2.987,100
1.455,0
1.631,0
1.53,0
1.906,5
1.512,5
1.709,1
1.589,5
3.416,100
1.719,0
2.459,50
1.485,1
1.482,2
1.819,0
1.545,5
2.226,50
3.164,100
1.439,1
3.085,100
2.265,50
1.332,0
2.861,100
3.042,100
2.194,50
1.47,0
1.523,0
1.42,1
1.462,2
1.451,1
2.986,100
1.453,2
1.694,2
1.415,0
1.798,5
2.335,0
1.767,2
1.459,0
1.792,2
1.602,0
2.505,50
1.635,1
2.244,50
1.386,2
1.742,0
1.648,0
2.689,100
3.041,100
2.03,0
1.424,0
1.549,1
2.794,100
2.458,50
1.627,0
1.439,0
2.45,50
1.401,0
1.47,1
1.579,2
2.137,50
1.399,2
1.442,1
2.341,50
1.475,2
1.681,0
1.781,2
1.536,1
1.762,0
1.586,0
1.46,5
1.63,0
1.497,1
3.014,100
1.546,1
1.342,0
1.637,1
1.405,1
1.5,5
1.734,0
1.457,1
1.768,2
2.107,50
2.132,50
2.596,50
1.415,0
1.421,2
1.54,2
1.594,0
1.598,1
1.428,1
1.739,0
1.612,0
1.39,1
1.801,0
1.563,5
1.479,5
1.483,5
1.68,0
1.601,0
1.479,0
1.595,1
1.425,2
1.396,0
1.525,1
3.277,100
1.411,0
3.054,100
1.442,2
1.332,0
1.969,5
1.844,0
1.763,5
1.506,0
1.478,5
1.732,5
1.833,5
1.748,0
2.733,50
1.856,0
1.799,5
2.285,50
2.481,50
2.745,100
1.766,2
1.859,2
1.569,0
1.435,2
1.494,5
3.063,100
1.717,0
2.958,100
1.788,2
2.176,50
1.79,2
1.46,2
1.343,0
2.407,50
1.458,2
1.479,2
2.863,100
1.457,5
1.407,0
1.46,0
1.667,0
1.538,0
1.606,1
2.471,50
1.62,0
2.691,100
2.796,100
1.486,0
1.78,5
3.037,100
2.796,100
1.441,5
2.911,100
1.395,0
1.909,0
1.957,0
3.155,100
1.538,1
1.949,2
1.804,2
2.947,100
1.859,2
1.817,0
1.654,0
1.494,2
2.11,50
3.528,100
3.062,100
1.437,5
2.442,50
1.532,5
1.509,0
1.332,0
1.478,0
2.015,0
2.385,50
1.571,0
1.666,0
2.737,100
3.245,100
3.223,100
1.751,5
1.797,2
1.427,0
1.663,0
1.713,2
2.438,50
1.461,0
1.704,0
2.963,100
1.372,0
2.069,50
2.919,100
1.707,5
1.817,2
2.259,50
1.501,1
1.562,2
1.787,0
1.855,5
1.455,2
2.804,100
1.646,2
1.627,1
1.667,1
1.61,2
1.6,0
1.577,5
1.735,0
2.108,50
2.734,100
1.718,0
2.771,100
2.921,100
3.129,100
1.539,1
1.486,1
1.762,5
3.401,100
1.68,1
1.473,0
1.642,5
1.755,0
1.462,5
1.442,0
1.604,5
2.771,100
2.086,50
1.535,2
1.639,5
1.709,2
1.553,2
2.554,50
2.6,50
2.208,50
2.089,50
1.498,5
1.77,2
1.691,0
1.37,0
1.577,5
1.528,2
1.55,2
1.555,2
1.427,1
2.245,50
1.395,0
1.684,2
1.742,0
1.588,0
1.941,5
1.333,0
2.012,0
1.655,5
1.49,0
1.521,5
2.805,100
2.682,50
1.535,5
1.516,0
1.411,2
1.457,0
1.526,0
1.531,5
1.789,1
1.607,1
1.424,0
1.53,5
2.797,100
1.677,0
1.61,1
1.537,0
2.153,50
1.449,1
1.826,2
2.674,50
1.727,2
1.937,5
2.146,50
1.655,0
1.735,1
2.213,50
2.933,100
1.83,5
1.701,5
1.672,2
2.424,50
2.784,100
2.69,100
1.585,0
2.749,100
1.32,0
1.545,2
3.093,100
2.479,50
2.827,100
1.595,1
2.025,5
1.43,2
1.477,2
2.292,50
1.474,5
1.39,2
1.517,1
2.788,100
1.929,0
1.444,1
2.349,5
1.56,1
2.805,100
2.127,50
3.465,100
1.52,0
1.688,1
1.34,0
3.245,100
1.806,0
1.658,1
1.715,2
1.85,5
3.143,100
2.762,100
1.671,0
1.5,0
2.461,50
1.604,1
1.496,5
1.499,5
1.479,2
1.525,5
1.468,1
2.767,100
1.771,2
1.86,1
1.9,5
1.417,0
1.595,0
1.685,1
1.436,0
1.684,0
2.883,50
1.644,1
1.564,0
1.485,5
1.691,1
3.039,100
2.604,50
1.389,0
1.493,1
2.465,50
1.547,5
1.482,5
2.696,50
1.636,0
1.403,2
1.389,0
1.494,1
2.751,100
3.046,100
1.702,0
3.124,100
1.528,2
1.796,0
1.541,0
1.426,0
1.57,0
1.476,5
3.256,100
1.791,0
1.428,1
1.592,0
1.599,2
1.468,2
2.944,100
1.723,5
1.421,2
1.79,5
1.703,1
2.378,50
1.387,0
1.717,0
1.626,1
1.405,1
2.483,50
1.547,0
1.854,2
1.508,2
2.382,50
1.771,5
1.498,5
1.718,0
2.793,50
1.468,5
2.119,50
1.634,1
1.648,0
1.503,5
1.825,2
1.609,5
1.711,1
2.26,50
2.942,100
1.434,5
1.539,5
2.124,50
1.382,0
1.401,0
1.654,5
1.514,1
1.504,2
1.819,5
2.82,100
3.124,100
1.817,0
2.318,50
1.409,0
1.927,5
1.809,0
2.833,100
1.615,0
1.898,2
1.719,0
1.747,1
2.15,50
1.805,0
2.774,100
1.529,1
1.432,5
2.691,50
1.8,1
1.781,2
2.853,100
1.437,1
3.286,100
1.408,5
1.566,5
2.982,100
1.516,0
1.838,0
1.489,2
2.751,100
2.866,100
1.642,0
1.514,5
2.388,50
1.589,1
1.958,2
1.666,0
2.811,100
1.643,1
1.674,5
1.472,2
2.14,50
1.767,2
1.825,0
2.994,100
1.449,1
1.934,5
1.79,2
1.839,1
1.884,2
1.818,0
1.754,0
1.896,1
2.686,100
2.246,50
1.458,0
1.54,0
1.647,5
1.5,0
2.102,50
1.826,0
1.857,2
1.501,2
2.971,100
1.839,1
1.854,1
1.471,1
2.122,50
1.48,2
1.334,0
2.122,50
1.711,0
1.385,0
1.694,1
2.76,100
1.539,2
1.564,5
2.75,100
1.515,0
1.596,1
1.423,0
1.521,5
2.346,50
1.485,2
1.339,0
1.761,1
2.478,50
2.466,50
1.688,0
1.569,1
1.416,0
3.145,100
1.337,0
3.209,2
2.574,50
2.842,100
1.409,0
2.993,100
1.707,1
1.435,5
1.407,1
1.564,5
1.422,5
1.351,0
1.434,1
1.774,0
3.017,100
3.469,100
2.702,50
1.466,0
1.778,0
2.669,50
2.195,50
1.836,2
1.346,0
1.334,0
1.453,5
2.709,100
1.673,1
1.416,0
1.423,0
3.096,100
2.055,50
1.369,0
1.601,0
1.422,0
2.738,100
2.793,100
1.74,0
1.745,0
1.427,2
3.313,100
2.547,50
2.205,0
1.472,1
1.412,5
1.863,1
1.463,5
2.909,100
1.686,1
1.603,0
1.402,0
1.431,0
1.867,5
1.644,5
1.52,1
2.123,50
1.734,5
1.659,5
1.86,2
1.971,5
1.506,2
1.672,5
1.33,0
2.649,50
1.942,2
1.937,0
1.884,0
2.037,2
2.998,50
1.728,0
1.877,0
3.591,100
1.836,0
3.05,100
1.373,0
2.019,1
2.33,50
2.572,50
1.415,1
3.044,100
1.609,0
2.74,100
1.467,1
1.381,2
2.829,50
2.521,50
1.532,0
1.704,0
2.97,100
2.133,50
1.528,0
2.729,100
1.418,0
1.374,2
2.096,2
1.745,2
2.072,2
1.542,1
2.377,50
1.621,5
2.82,100
1.909,1
1.61,5
1.65,0
1.65,0
1.526,2
1.821,0
1.497,2
1.551,2
2.721,100
2.725,100
1.518,2
2.777,100
2.897,100
1.528,0
2.03,5
1.666,0
2.604,50
1.402,0
2.067,50
1.522,5
1.714,2
1.746,0
1.713,0
1.714,0
1.731,5
1.67,0
2.15,50
2.876,50
1.672,5
1.772,2
3.157,100
1.579,1
2.007,2
3.095,100
2.28,50
1.556,0
1.369,0
1.719,5
1.408,1
1.746,0
2.723,100
1.764,2
1.666,5
1.51,5
1.824,0
3.371,100
1.816,1
1.659,2
1.737,2
2.844,100
1.896,0
1.854,2
3.041,50
1.454,1
3.258,100
1.968,5
3.306,100
1.714,2
3.306,100
1.353,0
1.499,2
1.564,0
1.475,0
1.536,1
1.527,2
1.443,5
3.198,100
1.472,0
2.719,100
1.596,0
1.568,1
1.406,1
1.475,1
3.207,100
2.818,100
1.456,5
1.764,0
2.746,100
1.623,5
1.424,0
3.491,100
2.004,5
1.549,1
1.437,0
1.615,1
1.662,0
1.477,1
1.499,2
2.823,50
1.749,0
2.075,0
1.673,0
2.808,100
1.484,1
2.727,100
1.667,1
2.357,50
2.138,50
1.49,2
1.424,2
1.511,1
1.886,0
1.739,2
2.297,50
1.353,0
1.674,5
1.475,0
2.174,50
1.552,0
1.498,1
1.399,2
1.478,2
3.065,100
1.53,0
1.72,5
3.192,100
2.66,100
2.796,100
1.396,0
1.395,0
1.731,2
1.732,5
1.424,0
1.868,2
1.341,0
3.009,100
1.367,0
3.149,100
1.449,5
1.682,2
1.591,2
2.954,100
3.394,100
1.507,0
2.115,50
1.821,2
1.577,1
2.446,50
1.488,5
1.521,5
2.163,50
2.489,50
2.578,50
1.822,5
1.591,2
1.743,0
1.699,2
1.703,0
2.893,100
2.505,50
2.698,100
2.884,100
1.672,5
1.381,0
1.619,1
1.5,1
1.489,2
1.528,1
1.414,0
1.769,0
1.506,2
1.464,2
2.145,50
1.552,0
1.632,2
1.773,1
1.428,0
2.438,50
1.409,2
2.965,100
1.346,0
3.015,100
1.591,2
3.227,100
1.833,0
1.754,2
1.805,2
2.555,50
3.303,100
1.626,5
1.915,0
1.951,1
1.775,0
1.76,0
1.818,2
1.485,5
1.39,0
1.487,5
1.762,2
1.408,0
1.675,1
1.526,5
1.444,0
1.403,0
1.538,0
3.268,100
1.511,2
2.208,50
2.418,50
1.438,0
1.356,0
1.427,1
1.537,0
1.799,2
1.449,1
1.444,1
1.46,0
1.378,2
2.514,50
3.022,100
3.301,100
1.525,1
1.642,0
1.518,0
1.784,1
1.433,1
2.393,50
2.029,0
1.604,2
3.198,100
2.897,100
1.427,0
3.141,100
1.419,2
1.534,0
1.879,1
1.716,0
2.749,100
1.634,0
1.396,1
1.499,5
1.543,0
2.582,50
1.823,1
2.911,100
1.502,5
3.284,100
1.452,0
2.847,100
1.624,0
1.569,0
1.348,0
1.395,0
1.992,0
2.423,50
1.402,1
1.566,1
1.743,5
1.515,5
2.366,50
1.685,2
1.628,2
1.762,5
1.462,2
2.191,50
1.718,0
1.428,5
1.417,0
1.621,0
1.409,2
1.793,5
1.717,5
1.47,2
1.454,1
1.425,0
2.339,50
2.692,100
1.74,0
1.512,5
1.566,2
2.733,50
1.381,0
3.409,100
1.448,0
1.737,0
1.496,5
2.523,50
2.86,100
2.41,50
2.533,50
2.178,50
1.466,1
3.167,100
1.568,5
3.313,100
1.493,5
1.675,1
1.483,2
1.707,1
3.033,100
3.307,100
1.616,5
1.826,5
1.707,1
1.722,5
1.863,1
2.384,50
1.354,0
1.679,0
2.263,50
2.274,50
1.479,0
1.597,0
1.523,2
3.004,100
1.385,0
1.662,0
1.486,5
2.668,50
1.536,1
2.081,0
1.542,0
1.708,5
2.699,50
1.757,5
2.996,100
2.342,50
2.858,100
1.541,0
1.602,5
2.265,50
3.112,100
1.44,2
2.476,50
1.503,5
1.335,0
1.553,1
1.392,2
3.089,100
1.392,1
1.621,1
2.019,0
2.806,100
1.414,1
3.266,100
1.476,0
1.775,2
2.807,100
1.844,2
1.597,0
2.668,100
1.392,1
2.158,50
1.366,0
2.186,50
1.665,0
1.706,5
2.319,50
1.432,5
1.957,0
1.633,1
2.572,50
2.084,50
2.557,50
1.544,5
1.514,2
1.442,0
2.113,50
1.404,0
1.919,1
1.852,0
1.429,0
1.737,1
1.488,0
1.45,2
1.693,5
1.619,1
1.666,0
1.419,0
1.554,1
2.765,100
1.565,2
2.169,50
1.435,0
1.777,0
3.092,100
1.922,0
2.781,100
2.895,100
1.436,2
1.639,1
1.452,2
1.451,2
1.485,0
1.462,2
2.214,50
2.46,50
1.869,0
1.706,0
1.875,1
1.484,2
3.148,100
1.781,5
1.459,0
1.464,5
2.109,50
1.484,2
1.501,2
1.493,1
2.723,100
1.596,0
1.883,2
1.779,1
1.958,0
1.687,1
1.484,1
1.376,1
1.467,5
2.767,100
2.948,100
1.449,0
1.388,0
2.86,100
1.439,2
1.679,0
1.356,0
1.457,5
1.335,0
2.771,100
2.721,100
1.503,5
1.832,2
1.503,1
1.57,1
1.551,5
1.489,0
1.566,0
1.96,1
1.989,5
1.516,0
1.619,5
1.696,2
1.59,0
1.769,1
1.884,2
1.784,0
1.427,5
1.408,0
1.594,5
1.788,2
2.679,100
2.15,0
3.019,100
1.663,1
2.667,100
3.421,100
1.407,2
2.377,50
1.469,5
1.371,0
2.287,50
1.672,0
1.487,5
1.763,0
1.74,0
1.418,2
1.558,1
1.404,0
1.461,2
1.557,0
1.867,1
1.471,5
1.576,5
2.758,100
1.984,5
1.645,0
2.144,50
2.109,50
1.649,1
1.602,0
2.155,50
1.607,0
1.916,1
1.519,5
1.44,1
1.478,5
2.844,100
2.694,100
3.238,100
1.526,1
1.615,2
1.373,1
1.939,1
2.247,50
1.554,5
1.558,1
3.188,100
2.77,100
2.592,50
1.479,2
1.681,5
2.487,50
1.748,2
2.46,50
1.587,5
1.789,5
3.178,100
2.366,50
2.151,50
3.281,100
1.901,2
1.815,5
1.47,5
1.441,1
1.456,1
2.13,50
1.455,1
1.912,5
1.448,1
2.462,50
2.159,50
1.611,5
2.115,50
1.745,2
1.539,2
1.479,5
1.628,2
1.888,1
1.427,2
2.715,100
1.488,2
2.17,50
2.925,100
1.52,2
2.788,100
1.547,1
2.472,50
1.658,5
1.849,1
1.427,2
3.437,100
1.556,2
1.53,5
1.41,1
2.096,2
1.546,2
1.443,2
1.406,2
1.77,1
1.662,5
1.697,1
2.188,50
1.451,2
2.851,100
1.783,5
2.112,50
2.781,100
2.03,1
2.377,50
2.945,100
1.696,2
3.206,100
2.498,50
2.874,100
1.654,2
3.326,100
1.704,1
1.581,2
1.407,1
3.201,100
2.335,50
2.062,50
1.886,5
2.845,100
1.68,2
1.589,5
1.471,5
2.748,100
2.96,100
3.436,100
1.423,2
1.618,5
1.428,2
1.482,1
2.095,1
2.263,50
1.926,1
1.555,2
1.427,1
2.23,50
1.564,5
2.865,100
3.52,100
2.197,50
2.796,100
1.507,1
2.999,100
1.618,5
1.724,2
2.813,100
1.469,1
1.625,2
2.158,50
1.62,5
2.342,50
2.158,50
1.758,5
2.147,50
2.771,100
1.595,1
1.83,1
1.819,2
2.162,50
2.171,50
1.497,5
2.745,50
1.472,2
2.225,50
1.779,5
1.541,2
2.019,2
1.802,2
1.628,2
2.841,50
2.726,100
2.147,50
1.886,1
3.196,100
1.537,2
3.341,100
1.73,2
2.713,100
2.735,100
3.74,100
1.611,1
1.89,5
2.216,50
3.044,100
1.398,5
1.547,5
1.547,2
2.138,50
2.875,100
1.608,2
1.543,5
2.868,100
1.469,2
1.847,2
1.871,2
1.473,1
1.838,2
3.057,100
1.939,5
1.791,2
1.714,5
3.23,100
1.581,2
1.915,1
2.642,50
2.711,100
2.029,1
1.367,1
1.63,2
2.123,50
1.477,5
1.559,1
1.859,1
2.878,100
1.989,2
1.505,1
2.124,1
2.676,50
1.608,5
2.196,50
1.761,5
2.522,50
2.935,100
1.751,1
1.469,2
1.457,2
1.381,1
2.179,50
1.515,1
1.571,5
1.536,5
2.029,50
2.391,50
1.73,1
1.458,5
2.805,100
1.738,2
2.233,50
1.578,1
1.512,2
2.466,50
1.559,1
1.627,1
1.585,1
1.495,2
3.02,100
2.853,100
2.49,50
2.784,100
1.607,5
1.555,2
2.096,50
1.393,1
2.286,50
1.406,1
1.485,5
2.243,50
1.741,1
2.628,50
1.465,2
1.716,5
2.865,100
2.104,50
2.762,100
1.531,2
2.173,50
2.84,100
1.614,1
1.562,1
2.039,2
1.932,5
2.185,50
3.005,100
1.499,5
2.643,50
1.451,2
1.768,5
1.405,1
1.924,1
1.554,1
3.188,100
2.113,50
1.508,5
2.718,100
1.497,1
3.052,100
2.803,100
1.744,1
1.701,1
1.625,2
2.894,100
1.458,2
1.468,2
1.398,1
1.568,1
3.164,100
1.618,2
2.714,100
1.469,5
1.593,5
2.706,100
1.776,2
2.564,50
3.005,100
2.204,50
1.874,5
3.031,50
1.552,2
1.518,5
1.696,5
1.481,2
1.593,1
3.51,100
1.62,1
1.615,5
2.772,100
1.507,5
1.483,2
2.343,50
1.509,5
1.789,2
1.952,5
2.759,100
1.676,5
2.687,100
2.705,100
2.174,50
2.834,100
1.7,5
1.718,2
2.119,50
1.47,2
2.122,50
3.038,100
1.826,5
1.634,1
2.979,100
1.611,5
3.211,100
1.44,2
3.235,100
1.938,2
1.526,2
2.769,50
1.46,1
2.464,50
1.465,5
1.555,5
1.567,5
2.355,50
1.442,2
2.883,100
1.514,2
1.846,2
1.525,1
1.762,5
2.613,50
1.485,2
1.803,5
1.667,1
1.441,5
1.533,1
3.076,100
2.301,50
2.309,50
1.442,1
2.058,2
2.687,100
1.431,5
1.688,1
1.511,5
2.981,100
2.717,100
1.496,2
1.78,5
2.919,100
1.635,5
2.218,50
2.344,50
2.167,50
1.513,2
1.603,2
1.5,1
1.573,5
1.759,5
3.108,100
1.869,1
1.592,1
2.287,50
1.455,1
3.434,100
3.045,100
3.284,100
2.784,100
1.688,1
2.733,100
1.692,1
1.759,2
1.773,1
1.74,2
1.715,2
3.058,100
1.605,2
3.035,100
2.773,100
1.453,1
3.232,100
3.108,100
2.746,50
2.968,100
1.502,5
2.093,50
1.51,2
1.918,5
1.815,5
3.114,100
2.181,50
1.465,2
2.84,100
1.541,5
2.203,50
1.851,5
1.551,1
1.827,2
2.726,100
1.539,1
1.493,5
2.182,50
1.864,2
1.776,1
1.484,1
1.59,1
1.393,5
2.665,50
2.217,50
1.479,5
1.824,5
1.96,5
2.777,100
2.522,50
1.512,1
1.423,2
2.712,100
2.141,50
1.704,1
1.63,5
2.273,50
1.717,2
2.893,100
1.6,5
2.203,50
1.589,5
1.87,5
1.781,5
3.053,100
2.724,50
1.744,2
2.727,100
2.31,50
1.577,5
1.503,2
1.516,1
1.792,5
3.347,100
1.437,5
3.037,100
1.835,5
1.685,5
2.324,50
2.1,50
1.473,1
1.534,2
1.586,2
2.199,50
1.713,2
2.208,50
2.224,50
1.581,1
1.427,2
2.432,50
2.199,50
1.488,1
2.812,100
1.633,2
1.674,2
1.441,1
1.54,1
1.635,5
2.326,50
2.069,50
1.778,2
1.797,5
2.351,50
2.395,50
1.466,5
1.489,1
2.274,50
1.549,1
1.626,5
2.607,50
1.483,5
1.541,5
2.92,100
1.476,2
1.386,1
1.479,1
1.582,2
1.499,1
1.729,1
2.735,100
1.507,2
3.05,100
1.488,5
1.505,2
1.959,1
1.415,5
1.468,5
3.114,100
2.221,50
1.5,5
1.518,1
1.472,2
1.787,2
2.713,100
1.759,1
1.852,5
1.746,2
1.445,2
1.425,1
2.907,50
1.675,5
1.715,1
3.291,100
1.558,2
1.83,5
2.84,100
1.68,5
1.75,2
3.001,100
1.877,2
1.623,5
2.153,50
1.588,5
1.493,1
1.69,5
1.476,5
1.465,5
1.94,5
2.421,50
1.458,1
2.784,100
1.877,2
1.625,1
1.734,1
2.75,100
1.503,5
1.374,1
1.825,1
2.967,100
1.744,5
2.835,100
1.597,5
2.17,50
1.744,2
2.183,50
1.66,2
2.521,50
1.494,5
2.86,100
2.691,100
2.702,100
1.497,5
2.075,50
2.369,50
1.465,1
1.778,2
2.836,100
2.504,50
1.628,1
1.502,2
1.639,2
1.433,1
1.917,5
1.475,5
2.257,50
2.223,50
1.66,5
2.311,50
2.3,50
2.16,50
2.324,50
1.551,5
1.473,2
1.478,2
1.654,1
1.507,2
1.406,1
1.45,1
2.171,50
2.108,50
1.483,1
2.091,50
2.142,50
1.6,1
2.813,100
2.795,100
1.518,5
1.461,2
2.837,100
1.414,1
2.821,100
1.633,5
2.848,100
2.556,50
2.723,100
1.438,1
1.456,2
1.534,1
3.239,100
1.766,2
2.162,50
1.601,5
3.831,100
1.521,1
2.09,50
1.79,5
2.763,100
1.461,1
2.945,100
1.797,5
1.678,5
1.63,5
2.188,50
1.583,5
1.379,1
1.692,5
1.723,2
2.289,50
3.04,100
2.825,100
2.267,50
3.265,100
1.799,1
2.605,50
2.61,50
1.779,2
1.579,2
2.698,100
1.581,5
1.829,2
1.723,1
3.381,100
1.45,2
1.702,5
3.486,100
1.753,1
1.834,1
1.503,2
1.473,5
1.709,1
2.329,50
2.924,100
1.78,2
3.215,100
1.975,1
1.471,2
1.482,1
1.53,2
2.677,50
1.477,1
2.474,50
1.692,2
1.474,2
1.85,2
1.549,1
2.751,100
1.88,5
1.483,5
2.86,100
1.425,1
1.478,2
1.415,5
1.433,1
1.733,5
1.662,1
1.822,5
1.53,2
1.628,1
1.433,1
2.83,50
1.57,2
1.887,2
1.457,1
2.222,50
1.526,1
1.83,1
2.977,50
1.44,2
1.432,5
2.745,100
2.396,50
1.573,5
1.915,5
1.881,2
1.831,1
1.697,2
2.196,50
2.157,50
2.86,100
2.699,100
2.386,50
1.46,2
1.421,2
2.156,50
1.465,5
1.436,2
2.12,50
2.797,100
1.559,5
1.434,1
1.594,2
1.439,1
1.658,5
1.395,2
1.858,2
1.846,2
1.51,5
2.968,100
1.898,1
1.739,5
1.508,2
1.406,2
3.331,100
2.012,1
2.976,100
1.484,1
2.129,50
1.776,2
3.01,100
2.699,100
1.447,5
1.679,1
1.825,5
3.153,100
1.884,5
2.441,50
1.512,2
2.302,50
1.593,1
1.519,2
2.941,100
1.99,2
3.077,100
1.511,2
1.65,5
2.328,50
1.997,5
3.115,100
1.559,2
1.704,1
2.225,50
1.424,5
1.517,5
2.256,50
2.594,50
1.417,1
2.999,100
1.525,2
2.983,100
1.636,1
1.694,2
2.237,50
2.111,50
2.396,50
1.493,5
1.606,5
1.499,1
2.714,100
1.431,2
2.721,100
2.819,100
1.811,1
1.503,2
2.739,100
1.581,5
1.493,5
1.418,5
1.559,2
1.536,1
2.214,50
3.015,100
2.087,50
2.909,100
2.852,100
1.517,2
3.207,100
1.566,5
2.026,1
1.515,1
2.048,5
1.533,2
1.777,2
1.527,5
1.455,5
2.508,50
1.467,1
3.205,100
1.557,5
1.687,1
1.601,5
2.97,100
1.968,5
2.859,100
1.619,2
1.77,2
3.282,100
3.125,100
2.795,100
1.629,5
1.754,2
3.083,100
2.915,100
2.616,50
1.455,1
2.1,50
2.238,50
2.845,100
1.622,1
2.149,50
2.123,50
2.074,50
1.37,1
1.425,2
1.439,1
1.391,1
1.772,5
2.853,100
2.69,100
1.433,2
1.467,2
1.65,5
3.844,100
2.407,50
2.818,100
2.079,50
1.632,1
2.697,50
2.143,50
2.255,50
2.537,50
1.369,1
2.74,100
1.56,5
1.734,2
1.69,2
1.691,1
1.564,5
1.905,2
1.801,5
1.726,5
2.045,50
2.231,50
2.054,5
2.729,100
1.665,2
1.922,5
1.907,5
2.251,50
1.539,5
1.435,1
1.502,2
2.761,100
1.443,2
3.05,100
1.768,5
1.865,2
2.773,100
1.437,2
2.998,100
2.096,50
1.949,5
1.927,5
1.76,2
2.508,50
1.449,1
1.56,2
2.407,50
1.493,5
1.49,2
1.67,2
2.742,100
1.777,1
1.539,1
2.81,100
1.508,2
2.21,50
2.069,2
1.856,1
1.74,1
1.515,5
1.466,2
2.713,100
1.851,1
1.438,1
2.13,50
1.499,5
3.249,100
2.833,100
3.08,100
3.038,100
2.32,50
1.456,2
2.944,100
1.75,1
2.193,50
3.343,100
3.715,100
3.104,100
1.537,2
3.072,100
2.515,50
2.724,100
1.502,1
1.822,1
2.255,50
2.171,50
1.637,5
1.507,1
1.466,5
3.011,100
2.536,50
3.035,100
3.046,100
1.476,2
2.695,100
2.133,50
2.968,100
2.275,50
1.82,5
1.391,1
1.637,2
1.844,5
1.639,2
1.424,2
2.204,50
1.541,1
1.692,2
1.549,1
2.133,50
2.737,100
2.239,50
1.494,1
3.139,100
2.835,100
1.454,1
1.714,5
2.197,50
2.748,100
2.996,100
1.566,5
1.536,2
1.523,5
2.521,50
2.337,50
1.6,1
2.224,50
2.129,50
1.48,2
1.857,2
2.249,50
3.349,100
1.54,2
1.421,5
3.025,100
1.524,1
1.495,5
2.237,50
2.87,100
1.499,2
2.755,100
1.684,1
1.491,2
3.314,100
1.837,5
1.898,2
3.151,100
1.881,2
1.512,5
1.633,2
3.186,100
1.56,5
1.53,2
1.906,2
2.864,100
1.69,5
2.163,50
1.632,1
1.503,5
1.449,2
2.405,50
1.9,2
1.85,1
2.867,100
1.503,2
1.434,2
3.159,100
2.798,100
1.575,1
1.533,5
1.44,2
2.219,50
1.616,5
1.866,2
1.79,5
1.484,1
1.527,1
1.437,2
3.219,100
1.458,5
1.9,2
2.407,50
2.885,100
1.829,2
2.115,50
1.47,1
1.446,2
3.046,100
2.919,100
3.34,100
1.534,5
1.483,5
2.144,50
1.476,1
1.701,2
2.596,50
1.453,1
1.509,5
2.176,50
1.726,5
3.405,100
2.7,100
1.657,5
1.421,2
1.403,1
2.694,100
1.702,2
1.554,1
1.367,1
3.343,100
3.122,100
2.04,2
2.326,50
4.95,5
1.557,2
1.917,2
1.56,2
2.866,100
1.62,2
1.635,2
1.592,5
1.638,2
2.694,50
1.587,5
1.845,5
1.532,5
1.578,5
2.254,50
1.486,2
3.094,100
1.68,2
4.134,5
2.251,50
1.487,1
2.44,50
2.97,100
3.143,100
2.415,50
1.76,2
2.488,50
1.562,2
1.749,5
3.281,100
1.789,1
2.311,50
1.47,5
2.181,50
2.292,50
2.745,100
3.062,100
3.241,100
1.705,1
2.989,100
2.836,100
1.54,2
1.715,5
1.834,5
3.354,100
1.547,2
2.421,50
2.919,100
1.484,5
1.713,1
1.429,2
1.991,5
1.608,2
1.594,2
3.221,100
2.334,50
1.396,1
1.586,5
1.907,5
1.786,1
2.882,100
2.107,50
2.668,100
1.708,1
2.87,100
1.64,1
2.121,50
1.678,1
3.309,100
2.744,100
1.663,2
2.93,100
2.79,50
2.314,50
2.166,50
2.721,100
3.032,100
1.687,1
1.775,5
2.762,100
1.657,2
1.516,2
2.738,100
1.501,1
1.424,2
1.425,1
3.031,100
2.263,50
1.812,2
1.443,1
1.429,1
1.558,1
1.6,2
2.788,100
1.508,2
2.806,100
2.145,50
2.831,100
2.808,100
1.729,2
2.29,50
2.969,100
2.749,100
1.658,2
2.324,50
2.571,50
1.742,5
2.272,50
1.641,2
1.502,2
2.701,100
2.163,50
1.635,1
2.694,100
3.187,100
2.552,50
3.005,100
1.451,5
2.952,100
1.518,2
3.279,100
3.004,100
1.496,2
2.691,100
1.774,2
1.505,1
1.456,2
2.673,100
2.938,100
2.289,50
1.852,2
1.476,1
3.019,100
2.896,100
2.277,50
1.791,2
1.801,5
1.547,5
2.402,50
1.891,5
1.817,2
1.445,1
1.574,2
1.941,5
1.968,5
1.963,5
1.522,5
1.49,2
1.688,2
2.222,50
1.436,1
1.357,1
3.114,100
3.059,100
2.724,100
1.58,5
1.386,1
1.527,5
2.113,50
1.454,2
1.863,5
1.539,5
1.473,2
1.577,2
2.197,50
3.009,100
1.476,1
1.541,1
1.457,2
1.509,5
1.451,5
3.693,100
1.841,5
1.573,5
2.217,50
2.202,50
2.717,100
1.425,2
2.987,100
2.071,1
2.515,50
1.415,2
1.762,1
1.844,1
1.767,1
1.64,1
1.457,1
1.583,1
1.453,2
2.842,100
1.741,5
1.868,5
2.696,50
3.414,100
1.756,2
1.871,2
1.584,2
1.548,1
2.797,50
2.207,50
1.842,1
2.753,100
1.737,5
3.545,100
1.74,5
1.962,5
2.899,100
1.488,5
2.243,50
1.454,1
2.757,50
3.162,100
3.034,100
1.811,5
2.653,50
3.117,100
1.428,5
1.454,5
2.109,50
3.229,100
2.405,50
1.924,5
2.105,50
1.655,5
3.218,100
1.523,2
1.704,5
2.277,50
1.623,1
1.862,5
3.335,100
2.176,50
1.418,5
1.604,1
2.605,50
2.734,100
2.809,100
2.829,100
2.387,50
1.498,2
2.73,100
1.495,1
1.485,2
1.462,2
2.832,100
1.656,1
1.991,2
1.794,2
2.672,100
2.122,50
2.048,50
3.143,100
2.137,50
2.659,100
2.178,50
1.467,1
1.468,1
1.562,5
1.411,1
1.365,1
1.601,2
2.011,1
1.692,1
2.785,100
2.133,50
1.724,1
3.116,100
1.574,2
1.443,2
1.844,5
2.168,50
1.471,2
2.129,50
1.71,2
1.439,1
1.417,1
1.722,1
1.61,5
2.074,50
1.915,5
1.631,5
1.86,2
2.167,50
3.015,100
2.821,100
1.605,2
3.06,100
1.603,5
3.102,100
2.188,50
2.2,50
1.495,2
1.45,1
1.471,1
1.532,2
2.079,50
2.929,50
2.727,100
2.996,100
1.442,1
1.753,1
1.62,5
1.429,2
3.148,100
2.732,100
2.361,50
2.772,100
1.464,1
2.844,100
1.745,2
3.338,100
1.788,1
2.287,50
2.21,50
1.563,1
1.647,5
1.826,5
2.086,50
1.427,5
2.546,50
1.454,5
3.107,100
1.458,2
2.739,50
1.406,1
1.776,5
1.693,2
1.459,5
1.93,2
1.418,2
1.925,1
1.42,2
1.479,1
1.744,2
1.376,1
3.138,100
1.708,1
1.746,1
1.57,2
2.904,100
3.191,100
2.446,50
1.591,5
2.286,50
1.393,1
1.743,1
3.265,100
1.873,2
3.371,100
1.708,1
1.458,2
2.755,100
1.432,5
2.219,50
1.448,1
2.507,50
1.482,2
2.172,50
2.382,50
1.638,5
2.758,100
1.603,2
1.382,1
1.469,1
1.501,5
1.585,2
1.723,1
2.052,5
1.691,1
2.475,50
1.575,2
1.664,2
1.524,1
1.985,5
1.439,1
1.83,2
1.77,1
2.75,50
3.003,100
2.297,50
1.86,1
1.433,5
2.359,50
1.85,2
1.49,5
1.467,5
1.795,1
1.857,1
1.603,5
2.725,100
1.572,2
1.539,1
1.586,2
2.332,50
2.921,100
1.605,1
1.484,1
3.039,100
2.568,50
2.352,50
2.16,50
1.408,1
1.499,1
1.864,5
3.377,100
1.513,5
1.649,2
1.4,2
2.438,50
1.76,5
3.064,100
2.73,100
1.536,2
1.943,5
1.912,2
1.745,5
1.414,2
2.94,100
1.413,2
3.397,100
2.243,50
1.54,1
1.902,2
1.442,2
1.84,2
3.197,100
1.808,1
1.601,2
1.872,5
2.522,50
2.21,50
1.84,2
2.966,100
1.802,5
2.853,100
1.548,2
1.569,1
1.561,5
1.636,1
1.5,5
2.892,100
1.748,1
1.965,1
2.926,50
2.296,50
2.226,50
1.849,1
3.623,100
2.521,50
2.073,50
3.034,100
2.138,50
1.498,5
2.771,100
1.718,2
1.619,2
2.422,50
2.152,50
2.771,100
1.504,2
2.408,50
1.756,2
2.758,100
1.604,5
2.713,100
1.412,1
1.672,5
1.922,2
1.893,2
1.475,5
1.85,5
1.664,5
1.714,2
1.73,2
1.587,2
1.58,2
1.689,2
1.898,5
2.579,50
1.904,1
1.437,2
1.931,1
1.433,1
1.548,5
3.506,100
1.747,2
1.71,1
1.806,5
1.494,1
2.938,50
1.712,1
1.591,2
2.217,50
1.827,5
1.654,2
1.815,5
3.004,100
1.466,1
2.718,100
1.522,2
1.654,1
1.819,2
2.725,100
1.615,1
3.083,100
3.079,100
1.492,5
1.526,5
2.79,100
3.106,100
1.411,1
2.259,50
1.504,1
1.434,1
2.71,100
1.471,1
1.457,2
2.751,100
1.507,5
1.554,2
3.218,100
3.039,100
1.573,1
1.776,2
1.459,5
3.026,100
1.467,1
2.572,50
2.06,50
2.109,50
2.357,50
2.35,50
1.446,1
2.39,50
2.672,50
1.597,1
2.739,100
2.901,100
2.421,50
2.81,100
1.558,5
1.52,2
1.692,5
1.487,2
2.229,50
1.702,2
2.868,100
1.587,2
2.754,100
2.166,50
2.581,50
2.821,100
1.423,1
2.176,50
2.093,50
2.76,100
1.548,5
1.495,1
1.524,2
1.744,2
1.513,5
2.235,50
1.741,1
1.616,1
1.462,5
2.812,100
3.338,100
1.54,2
1.778,5
2.595,50
2.972,100
2.096,2
1.481,2
1.711,5
1.446,2
1.855,5
1.793,1
1.802,1
1.829,2
2.097,50
1.577,2
2.75,100
1.778,1
2.227,50
1.428,1
3.344,100
2.667,50
1.863,5
1.546,2
2.022,5
1.941,2
1.867,5
2.27,50
2.403,50
1.585,5
1.816,5
2.945,100
1.62,1
2.841,100
1.538,2
1.52,5
1.597,5
1.789,5
1.838,1
1.754,5
3.203,100
2.972,100
2.988,100
2.259,50
1.514,5
2.141,50
1.868,1
1.528,1
1.736,2
1.486,5
2.895,100
1.628,1
1.546,2
1.708,1
1.604,2
1.604,5
1.445,1
1.831,5
1.51,5
1.824,2
1.913,2
1.772,5
2.656,50
2.803,100
1.691,5
1.545,2
1.479,2
2.492,50
1.754,2
3.201,100
2.564,50
1.449,2
1.678,2
1.824,5
3.361,100
2.503,50
1.399,2
2.863,100
1.521,5
1.578,5
1.721,2
2.246,50
1.466,5
1.426,1
1.432,1
1.486,2
1.428,5
2.145,50
2.396,50
2.798,100
1.449,2
3.477,100
1.47,1
1.747,5
1.499,5
1.919,2
1.764,2
1.702,1
1.498,2
1.803,1
1.774,1
1.499,1
1.396,2
1.731,2
1.605,1
1.704,2
1.654,2
1.758,5
3.057,100
1.728,1
1.71,5
2.221,50
1.707,5
3.146,100
1.422,1
2.792,100
1.512,5
1.549,1
3.098,100
2.416,50
1.777,2
1.651,5
1.766,5
2.171,50
1.687,2
2.214,50
3.135,100
1.561,1
2.985,100
1.466,2
1.82,5
1.801,2
1.433,1
3.172,100
2.108,50
2.703,100
2.201,50
1.495,5
2.456,50
1.484,5
2.873,100
1.65,2
1.591,1
3.322,100
1.47,2
1.856,2
2.731,100
1.465,2
3.354,100
1.439,5
2.327,50
2.117,50
1.827,2
1.806,5
2.715,100
1.577,5
2.543,50
2.151,50
2.229,1
2.845,100
1.464,2
2.646,50
1.573,1
1.402,2
1.681,1
2.102,50
1.689,5
1.633,5
1.962,1
3.312,100
2.381,50
1.545,1
2.892,100
3.083,100
1.72,1
1.736,1
1.628,2
1.453,5
1.61,1
2.531,50
1.737,2
1.813,5
1.81,2
1.49,2
1.48,2
1.493,1
2.773,100
3.071,100
1.533,1
1.641,5
1.549,5
2.911,100
1.789,1
1.631,2
1.475,1
1.853,5
1.532,5
3.259,100
1.655,2
1.502,2
2.404,50
1.56,2
1.413,5
1.43,2
1.801,1
2.941,100
1.933,5
1.82,2
3.054,100
1.483,5
1.718,5
1.583,1
1.761,5
1.561,5
2.936,100
2.259,50
1.512,2
2.252,50
2.787,100
1.524,2
2.848,100
1.453,5
1.613,2
2.768,100
2.823,100
3.459,100
1.661,2
1.7,5
3.263,100
1.379,1
1.51,5
1.525,1
1.548,5
1.453,2
2.835,100
2.195,50
1.537,2
2.321,50
1.766,5
2.608,50
1.886,1
1.495,1
2.069,50
1.704,1
1.653,5
1.579,5
2.338,50
3.378,100
1.621,2
1.722,2
1.551,1
2.787,100
2.084,5
1.622,1
1.503,1
3.25,50
1.5,1
2.51,50
1.444,2
1.7,2
3,100
1.646,2
2.472,50
2.889,100
1.57,1
1.832,5
2.772,100
1.391,1
1.8,5
1.797,2
2.327,50
1.714,1
2.759,100
2.376,50
3.192,100
3.14,100
1.718,2
1.594,5
2.239,5
1.493,5
1.833,5
2.596,50
1.614,1
1.655,2
1.796,2
2.332,50
1.579,1
2.097,50
1.63,5
2.449,50
1.503,2
1.549,1
1.546,2
1.649,2
1.536,2
2.567,50
1.783,1
1.483,5
2.503,50
1.45,1
1.582,2
1.617,1
1.793,5
1.749,5
2.71,100
1.547,2
1.722,2
3.031,100
2.459,50
1.738,1
2.173,50
1.775,1
3.067,100
1.801,5
2.91,100
1.609,5
2.17,50
2.446,50
1.554,5
2.959,100
2.826,100
2.98,100
1.628,5
1.543,2
2.318,50
2.16,50
1.815,2
1.793,5
1.813,5
1.755,2
1.428,2
1.483,1
1.924,5
1.743,1
1.761,1
1.857,1
2.757,50
1.416,1
3.12,100
1.492,5
1.96,5
1.571,1
1.572,2
1.864,5
1.559,1
1.603,5
1.807,1
1.575,5
1.816,5
3.098,100
1.805,5
1.711,2
1.464,1
2.3,50
2.421,50
2.997,100
1.53,5
2.875,100
1.796,5
2.5,50
1.59,5
3.264,100
1.714,1
2.999,100
1.444,5
1.455,2
2.147,50
2.725,100
2.771,100
1.628,2
2.235,50
1.809,2
2.99,100
1.434,1
2.753,100
2.164,50
1.755,5
1.5,2
1.521,2
1.664,1
1.573,2
1.504,5
3.439,100
1.472,5
2.093,50
2.832,100
1.518,1
1.435,2
1.558,5
1.558,5
2.203,50
1.446,2
2.766,100
1.712,2
1.473,2
2.107,50
1.448,1
1.708,5
1.801,5
1.656,2
1.819,5
1.954,5
2.446,50
1.472,1
1.348,1
1.789,5
1.537,1
1.769,1
2.866,100
2.246,50
2.079,50
1.692,1
3.055,100
1.546,2
1.513,1
3.343,100
1.628,1
1.774,1
1.622,5
1.483,5
3.049,100
1.807,5
2.365,50
1.418,2
1.765,5
2.456,50
2.98,100
1.729,5
2.954,100
2.21,50
1.849,5
1.42,5
1.811,2
1.404,2
2.735,100
2.514,50
2.747,100
1.476,5
1.572,1
2.138,50
1.451,1
1.437,1
3.08,100
2.065,2
1.632,5
1.508,1
2.092,50
1.505,5
1.739,5
2.07,50
1.489,2
1.731,5
1.688,5
2.475,50
1.569,5
2.998,100
1.497,1
1.469,5
2.954,100
1.84,5
1.48,1
1.741,1
1.629,1
1.683,5
3.178,100
1.471,2
1.608,5
1.538,1
2.938,100
2.225,50
2.76,100
1.79,2
1.6,2
2.143,50
1.564,1
2.561,50
1.788,5
1.673,1
2.799,100
3.022,100
1.599,5
1.449,2
1.719,5
1.713,1
2.387,50
1.478,2
1.45,2
2.219,50
1.46,1
1.836,1
2.807,100
1.608,2
2.303,50
1.58,1
2.381,50
2.155,50
2.395,50
1.716,2
2.837,100
1.482,2
1.798,5
3.092,100
3.139,100
2.123,50
1.693,2
1.405,1
2.75,100
1.549,2
1.464,1
1.958,5
1.569,5
1.842,1
3.493,100
2.348,50
1.696,1
2.796,100
2.265,50
1.632,5
1.451,5
1.488,5
1.8,5
1.713,1
1.729,5
1.562,1
2.715,100
2.521,50
1.553,2
1.54,2
1.53,2
1.547,5
1.487,1
1.467,5
1.561,5
1.63,5
1.593,2
1.653,2
3.209,100
1.746,2
1.612,5
2.449,50
2.941,100
1.808,1
2.252,50
3.088,100
1.809,2
2.728,100
2.773,100
1.804,1
2.684,100
2.726,100
1.511,5
3.089,100
1.417,2
2.937,100
1.47,2
1.476,5
2.148,50
1.597,1
1.443,2
2.835,100
1.571,1
1.771,5
1.621,5
3.104,100
2.808,100
2.438,50
1.592,5
3,100
3.07,100
2.741,100
2.185,50
1.836,2
3.095,100
1.808,2
1.784,2
1.576,1
1.842,2
1.668,5
3.398,100
1.739,1
1.589,1
2.051,5
1.522,5
1.673,2
1.826,2
1.484,1
2.986,100
2.836,100
1.763,2
2.308,50
3.321,100
2.974,100
2.86,100
1.518,5
3.056,100
1.456,2
2.961,100
2.377,50
3.04,100
1.566,5
2.148,50
2.759,100
1.86,2
2.734,100
2.289,50
2.55,50
2.815,50
1.469,5
1.838,5
1.54,2
3.073,100
2.441,50
1.725,1
1.732,1
1.426,1
2.575,50
1.466,5
3.231,100
2.144,50
1.436,1
2.068,50
1.467,2
1.732,1
1.544,5
2.222,50
1.505,2
1.611,2
1.439,1
1.642,1
2.098,50
1.711,5
1.448,2
1.847,2
1.506,5
1.461,2
1.467,1
2.159,50
2.248,50
1.459,2
1.46,2
2.404,50
1.519,5
1.526,2
2.28,50
2.073,50
1.423,2
1.636,2
2.271,50
2.116,50
1.357,1
1.87,2
1.845,5
1.491,1
1.482,2
2.482,50
1.641,1
1.48,2
2.083,50
1.429,2
2.082,50
1.758,2
1.927,1
1.482,2
1.547,5
1.471,5
1.458,1
1.647,2
2.053,1
1.548,2
1.957,5
1.738,2
2.542,50
1.76,2
2.21,50
1.838,1
1.719,5
1.519,1
1.537,2
2.152,50
1.483,1
1.673,5
1.499,1
1.412,2
1.452,1
1.46,1
1.68,1
2.474,50
1.414,1
2.17,50
1.571,1
2.487,50
1.516,2
1.423,2
1.427,2
2.338,50
1.522,2
1.56,5
1.535,1
1.805,2
1.652,2
1.395,1
1.82,2
1.565,5
2.169,50
2.124,50
1.415,5
2.231,50
2.279,50
1.611,5
2.146,50
1.535,2
1.546,1
1.46,2
1.553,2
1.565,2
2.227,50
1.558,1
1.446,1
2.08,50
1.756,2
1.722,5
1.708,2
1.458,2
1.532,5
1.641,2
1.765,1
1.473,5
1.484,2
1.475,1
1.448,5
1.519,5
1.825,5
2.264,50
1.584,2
2.171,50
2.522,50
1.556,2
1.631,1
1.662,5
1.778,5
1.463,5
1.759,2
1.455,1
1.587,1
1.511,2
1.705,1
2.416,50
1.542,5
1.419,1
2.226,50
1.377,1
1.803,5
1.779,1
1.754,2
1.646,1
2.178,50
1.51,2
2.114,50
1.876,5
1.499,2
1.486,1
1.501,5
2.709,50
1.725,1
2.305,50
2.043,5
1.422,1
2.123,50
1.854,5
1.437,1
1.571,5
2.102,50
2.112,50
2.075,50
1.58,2
1.436,2
1.467,1
1.507,2
2.374,50
2.523,50
1.811,1
1.55,1
2.126,50
1.543,2
1.552,2
1.463,2
1.6,2
2.265,50
2.086,50
1.444,1
1.379,1
2.495,50
2.028,1
2.311,50
1.704,1
2.613,50
2.234,50
1.501,2
1.579,2
1.635,2
1.652,2
1.61,1
1.449,2
2.218,50
2.117,50
1.516,1
1.499,2
2.29,50
1.736,2
2.056,50
1.468,1
1.395,2
1.53,1
1.707,2
1.632,2
1.736,2
1.365,1
2.13,50
1.425,2
1.511,1
1.485,2
1.537,1
1.431,1
2.293,50
1.469,2
1.526,2
1.71,2
1.494,1
1.498,2
1.774,2
1.719,1
1.681,2
1.508,1
2.102,50
1.378,1
2.323,50
1.721,1
2.278,50
2.658,50
2.112,50
1.472,1
1.424,1
2.191,50
2.117,50
2.01,1
1.725,1
2.166,50
1.389,1
2.258,50
2.397,50
1.461,1
1.509,1
2.372,50
1.431,1
2.065,50
2.913,50
2.559,50
1.526,1
2.701,50
1.443,1
2.353,50
2.383,50
1.416,1
2.139,50
2.27,50
1.379,1
2.111,50
2.386,50
1.647,1
2.18,50
1.789,1
2.101,50
1.614,1
1.4,1
2.111,50
2.205,50
1.597,1
2.612,50
1.414,1
2.318,50
2.191,50
1.702,1
1.755,1
2.31,50
1.679,1
1.506,1
2.128,50
1.867,1
2.063,50
1.459,1
2.172,50
2.184,50
2.457,50
2.32,50
1.712,1
2.475,50
2.229,50
1.483,1
2.393,50
2.642,50
2.174,50
1.472,1
1.399,1
1.743,1
1.76,1
1.696,1
1.425,1
2.519,50
1.735,1
2.141,50
1.625,1
1.363,1
1.701,1
2.705,50
1.564,1
1.418,1
1.848,1
1.406,1
1.459,1
1.389,1
2.349,50
1.703,1
1.442,1
2.156,50
1.517,1
1.508,1
1.821,1